Date,Open Price,Daily High,Daily Low,Trading Volume,Forex USD/EUR,Crude Oil Price (USD per Barrel),Gold Price (USD per Ounce),Close Price
08-01-2000,2798.96,2864.47,2766.89,423890033,1.06,117.92,896.46,2826.64
15-01-2000,1556.98,1581.57,1544.3,866560662,1.23,73.35,1063.49,1570.51
17-01-2000,2644.38,2682.99,2569.35,965696140,1.06,90.36,2143.77,2615.55
18-01-2000,2389.37,2413.03,2310,3991992,0.91,113.38,2170.79,2343.52
19-01-2000,4599.33,4630.22,4534.98,215525643,1.21,123.47,2332.18,4581.54
20-01-2000,1087.29,1116.08,1067.4,995760162,1.21,106.69,1645.57,1093.26
23-01-2000,3240.67,3282.76,3232.11,781089324,1.39,94.42,2144.2,3234.21
24-01-2000,4747.29,4832.67,4701.95,695658158,1.18,86.02,1415.23,4792.6
31-01-2000,3616.7,3657,3578.06,897542344,1.39,73.27,1361.16,3578.83
02-02-2000,3261.32,3296.68,3261.2,835366797,1.31,27.27,2249.67,3264.57
03-02-2000,2855.73,2874.45,2834.94,328505418,1.08,75.08,975.83,2862.17
05-02-2000,3434.11,3473.83,3360.8,869602526,1.24,149.74,2016.4,3400.74
16-02-2000,3891.26,3906.55,3855.61,931967282,1.11,131.59,1429.67,3901.51
18-02-2000,3831.34,3835.77,3812.02,368280027,1.09,79.4,980.56,3834.21
19-02-2000,3174.15,3217.66,3137.27,422317180,1.03,84.17,1791.53,3157.59
20-02-2000,1326.9,1335.76,1318.56,58651049,1.38,87.69,2417.95,1328.83
22-02-2000,2938.79,2978.09,2932.12,705322989,1.46,120.76,2086.94,2969.31
24-02-2000,4782.79,4817.45,4701.18,917879901,1.18,24.12,1060.38,4741.29
01-03-2000,3181.73,3209.32,3130.55,333936018,1.13,96.67,2231.79,3166.43
03-03-2000,3050.01,3105.13,3045.56,820368765,1.5,65.57,1042.29,3092.27
04-03-2000,4225.61,4273.28,4182.55,305825400,1.36,143.94,1087.12,4225.85
05-03-2000,2836.96,2845.45,2779.09,320415535,0.82,32.7,1178.03,2819.75
06-03-2000,1207.83,1279.82,1206.16,728339776,1.06,114.65,1244.09,1231.54
07-03-2000,4145.11,4145.85,4094.23,79877029,0.97,35.59,1759.64,4098.78
08-03-2000,1805.46,1829.52,1800.48,404458248,1.47,123.85,1356.73,1802.94
09-03-2000,2034.48,2051.15,2001.37,167771131,0.98,32.7,2420.04,2018.11
12-03-2000,4027.01,4054.07,4013.63,684607341,1.39,79.83,2276.14,4032.29
13-03-2000,3077.54,3122.35,3031.96,103968425,0.87,134.75,1793.36,3101.61
14-03-2000,1819.53,1856.17,1799.62,65802593,0.8,72.23,1730.63,1818.03
15-03-2000,4511.32,4545.61,4467.58,580283044,1.36,149.34,1810.39,4469.86
16-03-2000,4518.33,4607.24,4503.32,856716960,1.39,22.43,1228.85,4565.58
17-03-2000,4482.31,4496.61,4455.75,112593112,1.47,110.49,2094.46,4484.11
20-03-2000,4939.96,4958.45,4931.74,223914041,1.16,148.51,1101.17,4938.31
23-03-2000,1260.82,1267.91,1204.96,317188026,1.18,87,2114.86,1221.44
26-03-2000,3154.81,3188.96,3088.39,430682626,1.14,92.27,1015.96,3124.31
29-03-2000,3627.12,3663.6,3555.31,335449388,0.98,82.02,1311.36,3583.31
19-04-2000,2107.62,2171.4,2093.01,312539837,1.18,123.55,2265.15,2134.28
21-04-2000,1562.85,1634.84,1530.77,671068752,1.27,111.26,1300.14,1609.86
25-04-2000,3617.17,3637.58,3567.21,629016505,1.32,73.37,1315.2,3595.69
29-04-2000,1333.86,1368.23,1296.17,857936914,1.1,59.56,1984.63,1359.64
02-05-2000,3020.83,3094.74,3010.59,24423911,0.89,36.47,2059.76,3063.29
09-05-2000,4527.71,4571.08,4489.64,841746806,1.45,23.66,2411.79,4512.04
13-05-2000,3239.02,3287.57,3182.78,196740327,1.17,136.59,2038.4,3198.98
16-05-2000,4561.03,4564.21,4540.62,492728830,1.13,127.18,2237.89,4548.73
22-05-2000,3163.18,3198.36,3078.69,239257872,1,127.25,1303.8,3125.79
23-05-2000,3840.97,3881.38,3830.16,569657518,1.08,52.93,975.07,3849.14
30-05-2000,4313,4325.61,4233.42,560473297,1.11,117.67,1772.65,4276.13
11-06-2000,3483.71,3490.04,3421.5,1889515,1.31,106.56,990.23,3437.74
12-06-2000,2409.5,2430.53,2350.38,881189435,0.9,128.37,1455.01,2392.12
13-06-2000,4365.79,4389.84,4324.56,963802405,0.91,144.46,2024.34,4362.65
15-06-2000,4916.42,4983.05,4889.72,136723587,0.97,37.01,2080.94,4964.89
18-06-2000,3704.71,3726.52,3650.77,766347837,0.84,140.66,995.85,3675.06
19-06-2000,2300.42,2337.07,2296.12,178041248,1.3,89.8,1618.15,2327.33
20-06-2000,3745.31,3786.11,3695.69,178417092,1.03,95.31,1149.73,3737.86
22-06-2000,1699.53,1723.85,1604.45,255425599,1.49,63.19,1137.88,1651.63
26-06-2000,2117.1,2167.42,2087.09,287683238,0.89,86.44,1240.54,2155.62
01-07-2000,1850.58,1891.19,1805.31,109496650,0.88,52.59,1896.13,1883.54
07-07-2000,4064.26,4111.07,4017.24,795334984,1.32,28.73,1162.8,4050.6
10-07-2000,2041.15,2084.82,1993.99,857325709,0.99,126.06,1788.29,2024.37
14-07-2000,1443.96,1462.85,1408.03,672377355,1.35,130.44,819.07,1414.44
17-07-2000,4458.25,4472.73,4398.28,142667970,0.95,139.12,1454.01,4414.63
20-07-2000,4907.2,4916.76,4876.29,68409238,0.85,67.13,1454.84,4887.65
22-07-2000,2690.19,2751.32,2659.87,170138929,1.33,125.93,909.99,2704.47
23-07-2000,1168.1,1208.73,1130.33,608510921,0.99,118.44,1092.46,1189.87
25-07-2000,4672.31,4685.06,4614.26,799658194,1.33,57.87,2469.75,4660.03
02-08-2000,4851.24,4904.75,4849.04,181540597,1.08,82.01,1742.93,4876.86
03-08-2000,3906.68,3925.65,3854.23,809464549,0.96,125.72,1796.52,3896.06
04-08-2000,2219,2255.15,2206.56,140581456,0.99,72.01,1593.64,2229.82
10-08-2000,3162.79,3172.42,3140.15,934278346,0.88,141.68,1630.99,3160.22
11-08-2000,1386.14,1391.02,1314.7,754385765,0.99,90.87,2196.86,1352.94
13-08-2000,1049.62,1067.11,1018.95,607010400,0.97,125.06,1345.21,1039.62
14-08-2000,2875.07,2902.64,2809.63,698918762,0.82,108.52,2166.2,2830.81
21-08-2000,4611.58,4671.54,4606.05,573882019,1.14,70.21,2256.62,4631.69
23-08-2000,3671.22,3676.53,3661.88,986247139,0.87,30.89,1067.09,3671.68
24-08-2000,3372.89,3400.29,3298.12,985559015,1.4,61.89,2210.24,3323.63
25-08-2000,4569.21,4623.52,4542.75,34354214,0.91,141.19,2343.46,4588.38
31-08-2000,3331.23,3332.64,3322.68,129795523,0.97,130.58,2154.47,3331.42
05-09-2000,4325.49,4391.47,4307.93,154110733,1.23,25.56,1104.08,4361.93
13-09-2000,3287.09,3330.08,3237.53,281377679,1.15,63.98,2075.2,3285.15
18-09-2000,4095.52,4099.8,4052.27,656769495,1.23,112.99,1869.98,4065.92
21-09-2000,2773.52,2774.62,2707.06,428027589,1.37,137.6,1681.82,2728.98
22-09-2000,3428.36,3516.38,3392.02,997020931,1.12,122.93,1025.75,3475.54
25-09-2000,3810.54,3828.79,3797.26,161450329,1.34,53.9,2400.88,3807.48
28-09-2000,1416.9,1434.02,1378.68,44923880,0.93,100.05,1367.73,1386.17
30-09-2000,2950.67,2954.15,2902.29,90477925,1.39,104.59,2301.3,2930.46
10-10-2000,2889.97,2933.65,2809.6,759198199,1.4,79.22,2316.64,2857.89
14-10-2000,4886.13,4956.56,4838.77,686031319,1.02,56.87,1884.56,4934.5
15-10-2000,2325.39,2326.29,2263.29,447657593,0.97,27.14,2042.94,2280.41
17-10-2000,1784.39,1831.96,1749.03,85250838,1.48,139.98,1535.75,1806.44
22-10-2000,1022.02,1088.04,1019.9,561847314,1.16,42.87,1389.34,1049.47
23-10-2000,1030.66,1072.73,993.54,354842446,1.5,40.05,956.98,994.1
24-10-2000,1876.28,1907.16,1850.15,459837490,1.46,35.21,2109.25,1873.05
25-10-2000,1146.89,1189.7,1140.3,721673121,0.88,131.94,1903.82,1157.48
26-10-2000,1432.1,1433.52,1391.72,476575529,0.97,105.08,1674.38,1424.94
01-11-2000,4727.01,4729.03,4719.13,398611191,1.15,109.01,2160.82,4720.29
09-11-2000,2974.19,3018.34,2950.95,838041984,0.93,59.08,2060.57,3016.88
11-11-2000,4971.27,4991.96,4924.03,59332472,1.48,42.16,2000.83,4972.17
12-11-2000,1525.96,1540.89,1482.26,518136265,1.13,32.35,2399.79,1521.24
13-11-2000,2098.93,2142.28,2046.69,426556260,1.16,87.44,2252.07,2076.8
14-11-2000,2578.3,2661.53,2555.55,733005039,1.29,104.08,1209.37,2624.19
15-11-2000,2687.31,2730.2,2633.78,568358327,1.28,128.55,2341.55,2651.59
18-11-2000,3856.13,3890.94,3805.08,104815798,1.03,148.53,2287.02,3834.03
21-11-2000,4295.16,4298.41,4203.4,724136414,1.34,79.76,2376.49,4250.66
23-11-2000,4284.79,4291.09,4220.92,120220773,1.08,85.94,1498.08,4243.05
03-12-2000,2824.95,2872,2792.81,340463988,1.29,58.04,984.25,2808.44
05-12-2000,1484.1,1548.19,1441.14,172107590,1.12,21.01,1887.6,1525.06
07-12-2000,4004.71,4076.86,3984.78,405682035,1.41,72.28,2473.44,4035.78
13-12-2000,3714.68,3755.24,3618.78,418328413,1.42,89.75,2382.45,3666.1
24-12-2000,1265.78,1340.07,1219.68,547854448,1.46,131.52,1361.86,1313.53
26-12-2000,1568.55,1576.48,1538.89,731413626,1.03,54,985.24,1568.38
28-12-2000,2688.14,2694.77,2639.43,263620848,0.9,98.93,1680.6,2660.87
29-12-2000,2180.16,2196.21,2142.24,907047011,0.93,52.8,2086.79,2184.54
31-12-2000,3308.8,3336.18,3296.6,896031933,1.5,61.23,1218.66,3310.32
01-01-2001,1174.96,1262.17,1138.51,425140770,1.41,65.21,1889.44,1223.99
03-01-2001,3234.57,3274.06,3172.6,299894690,1.31,74.4,1190.78,3221.67
05-01-2001,3916.69,3922.34,3837.65,660842336,1.1,61.56,1462.97,3883.74
08-01-2001,3769.97,3789.81,3723.24,963052845,0.82,143.12,1448.27,3763.15
09-01-2001,2719.72,2785.08,2698.07,183080684,1.02,84.08,1355.44,2747.9
10-01-2001,3691.87,3720.91,3644.41,280249196,1.03,33.9,2352.51,3690.29
15-01-2001,4193.52,4214.69,4157.38,315112139,1.09,63.33,1908.19,4167.35
18-01-2001,4666.54,4699.69,4612.37,267039958,1.41,94.16,1939.19,4642.62
20-01-2001,2275.47,2303.2,2261.35,453415309,0.81,20.24,1597.6,2290.3
22-01-2001,2484.69,2533.47,2477.02,29231793,0.89,27.32,1047.26,2479.24
25-01-2001,3753.62,3794.47,3733.28,493537197,1.27,30.54,1850.99,3789.96
30-01-2001,4560.39,4621.6,4521,167664189,0.92,41.64,1807.76,4582.19
31-01-2001,2383.51,2418.72,2358.02,222426486,1.45,106.95,1963.47,2370.71
04-02-2001,3547.61,3632.16,3520.34,117653925,1.31,81.39,2243.4,3584.32
05-02-2001,2362.42,2387.37,2329.46,564728104,1.29,50.2,2024.01,2336.82
08-02-2001,2244.87,2271.79,2198.57,597120493,1.06,35.31,2090.89,2219.63
11-02-2001,2458.37,2505.22,2448.78,589396901,1.48,49.69,2158.46,2505.03
13-02-2001,4952.14,4977.63,4908.94,280799810,0.99,27.11,2331.33,4934.24
15-02-2001,3753.1,3794.3,3747.12,553470931,1.45,81.79,1107.72,3771.88
16-02-2001,1562.21,1611.24,1518.72,463821194,1.01,94.12,861.64,1539.56
17-02-2001,2942.36,2983.52,2938.72,219593975,1.34,45.69,1980.85,2966.01
18-02-2001,1110.15,1132.76,1060.38,866426896,1.25,133.26,1830.37,1065.32
20-02-2001,4856.07,4858.47,4829.43,380207802,0.93,91.36,1619.85,4844.7
21-02-2001,2536.83,2575.6,2475.9,823515184,0.82,53.3,1844.55,2522.18
23-02-2001,1123.82,1161.86,1085.03,79103714,1.49,148.46,2418.4,1122.92
02-03-2001,4600.33,4623.44,4582.08,816133217,1.37,145.76,1465.79,4607.98
04-03-2001,4823.68,4872.97,4764.15,809171632,1.43,41.71,802.16,4797.84
09-03-2001,4936.05,4956.94,4887.08,437182298,0.81,45.43,2297.11,4953.74
10-03-2001,2153.62,2196.74,2086.81,325963220,1.07,51.56,2344.76,2110.03
11-03-2001,4844.54,4902.22,4803.67,881025512,0.84,107.76,1924,4854.15
16-03-2001,1616.58,1671.66,1577.29,429862645,1.4,80.11,2447.58,1650.96
18-03-2001,3166.82,3177.16,3111.33,53599432,1.05,47.89,1792.34,3138.58
20-03-2001,4334.6,4400.74,4312.4,356296169,1.16,138.49,1191.48,4379.93
22-03-2001,2209.33,2243.79,2137.66,641856995,1.5,36.91,1387.57,2179.24
28-03-2001,4865.67,4871.42,4808.46,929319142,0.89,78.33,1621.29,4839.55
29-03-2001,3230.84,3265.58,3200.94,242418630,1.17,136.62,1915.05,3202.19
01-04-2001,1556.79,1563.87,1523.51,849713419,1.12,90.33,1949.68,1528.54
02-04-2001,2776.17,2808.31,2741.66,436032239,1.17,86.37,905.97,2762.84
03-04-2001,3504.94,3524.04,3478.67,569093445,0.98,21.69,1070.03,3494.03
12-04-2001,2580.55,2630.16,2573.88,754288253,1.5,110.42,1267.22,2608.32
16-04-2001,1911,1940.73,1908.07,418703673,1.04,73.86,998.81,1929.72
19-04-2001,3888.57,3917.29,3866.92,772232825,1.25,57.33,2224.33,3908.73
22-04-2001,1522.61,1526.87,1475.06,332357559,1.41,84.64,1568.52,1505.55
26-04-2001,2103.07,2134.38,2072.9,713930215,1.07,144.45,1122.05,2134.23
27-04-2001,4508.36,4520.76,4468.29,168464779,0.94,103.62,999.76,4487.75
28-04-2001,4776.17,4822.56,4742.92,206514227,1.05,127.28,2225.54,4770.8
30-04-2001,2850.7,2906.02,2842.42,859131707,1.5,54.01,1585.72,2869.99
01-05-2001,4923.95,5010.98,4903.81,119279049,1.35,58.29,1516.4,4972.69
05-05-2001,2501.32,2551.89,2477.19,411322328,0.92,82.5,1227.93,2542.83
06-05-2001,2143.13,2183.65,2061.75,781032710,1.33,130.8,1008.36,2108.77
09-05-2001,2546.16,2593.09,2484.28,650928943,0.82,21.72,2068.51,2523.63
10-05-2001,3045.1,3054.39,3015.24,960586442,0.89,148,1983.74,3042.54
11-05-2001,2969.3,3018.2,2925.33,176287417,1.33,126.06,2379.05,2952.68
13-05-2001,4462.31,4528.99,4442.38,940800112,1,97.4,1033.27,4501.21
15-05-2001,2630.34,2659.32,2580.37,968608434,0.99,82.61,2423.52,2643.51
16-05-2001,4310.08,4333.17,4294.66,900488086,1.25,26.64,1801.24,4311.95
18-05-2001,3294.12,3308.15,3233.6,855190058,1.47,87.21,1710.45,3267.41
23-05-2001,2756.6,2786.41,2730.86,881608400,0.98,76.54,2330.4,2738.88
26-05-2001,1249.83,1259.11,1211.06,1636024,1.41,143.45,976.63,1213.16
06-06-2001,1537.74,1566.7,1536.85,27797453,0.84,115.22,1568.05,1545.48
11-06-2001,1842.82,1878.93,1837.29,995358224,1.14,70.16,1861.11,1856.72
12-06-2001,4829.79,4868.86,4746.01,616067587,1.05,147.86,1031.24,4787.93
15-06-2001,3707.29,3757.31,3658.72,119927142,1.31,47.63,1601.47,3711.83
19-06-2001,3951.48,3978.55,3898.17,303075479,0.96,56.23,2047.07,3917.82
21-06-2001,3961.9,3968.71,3881.14,814204055,1.19,61.57,875.45,3926.45
22-06-2001,1571.4,1653.49,1546.08,163740986,0.99,99.72,1767.88,1609.11
23-06-2001,4013.71,4040.07,3984,300392509,1.04,85.06,2078.36,4016.53
24-06-2001,4075.69,4119.6,4037.01,452246414,0.95,112.41,996.44,4072.42
25-06-2001,3634.16,3663.45,3553.19,472808464,1.12,63.4,2349.55,3594.83
29-06-2001,1354.42,1386.93,1331.89,350571006,1.25,32.74,1751.23,1367.03
01-07-2001,1310.6,1350.75,1246.38,173859030,1.3,47.64,2447.7,1271.84
09-07-2001,1289.27,1343.05,1258.92,26229298,1.41,25.13,2071.01,1322.77
15-07-2001,4178.06,4186.59,4141.46,6294512,1.09,42.02,1715.55,4162.16
19-07-2001,2611.49,2678.82,2571.07,668442778,1.32,103.19,893.27,2654.56
28-07-2001,2905.75,2933.81,2891.42,660557292,1,142.26,1090.2,2920.38
31-07-2001,4915.92,4964.82,4883.56,237633386,1.47,137.58,1440.7,4930.94
02-08-2001,2431.26,2489.67,2397.27,588211573,1.19,117.04,1262.29,2472.44
12-08-2001,1967.73,2036.24,1928.51,808590365,0.85,81.3,1773.89,2010.59
15-08-2001,4215.83,4218.84,4170.84,85564950,0.89,78.81,1792.94,4218.36
29-08-2001,3044.52,3074.69,3005.09,896966900,1.14,128.86,1852.54,3054.29
30-08-2001,1187.41,1258.75,1169.84,552200481,1.42,59.78,988.28,1224.38
01-09-2001,3827.91,3859.92,3821.14,354778851,0.8,24.06,1653.05,3822.81
03-09-2001,4357.35,4378.26,4269.87,489809693,1.23,36.97,2287.32,4315.05
10-09-2001,2081.57,2086.46,2054.02,202227957,1.03,115.53,1950.05,2055.89
13-09-2001,4155.73,4205.53,4088.33,168341049,1.09,115.15,1236.2,4115.92
14-09-2001,4567.49,4617.6,4553.79,594064794,1.11,92.43,1339.97,4608.6
17-09-2001,2509.27,2510.29,2458.37,491119158,0.81,31.33,1154.63,2464.15
19-09-2001,1357.16,1371.01,1312.93,595040448,1.13,130.65,1973.03,1350.96
21-09-2001,2975.26,2994.08,2958.12,256543746,1.36,144.58,928.31,2979.91
23-09-2001,3530.85,3590.22,3484.4,153132429,1.36,135.74,1080.05,3556.51
25-09-2001,1017.45,1019.19,950.33,895413349,1.37,93.04,916.53,986.11
26-09-2001,1667.81,1688.27,1592.4,162374323,1.47,103.63,2304.07,1636.63
30-09-2001,4044.15,4101.03,4012.97,321312909,1.25,40.85,906.12,4078.18
04-10-2001,1421.46,1474.66,1380.4,615887727,1.34,106.55,1820.53,1453.41
10-10-2001,3001.6,3029.68,2981.45,374773321,1.26,43.43,1573.77,3025.12
14-10-2001,2474.83,2512.99,2445.81,739328739,0.92,133.01,2084.82,2492.35
17-10-2001,4070.27,4088.84,3988.4,490112547,1.24,64.86,1318.87,4032.88
18-10-2001,2666.02,2688.47,2598.58,844299471,1.1,83.7,2118.05,2629.01
21-10-2001,1847.98,1902.04,1829.39,887961222,1.38,132.51,1413.02,1894.25
25-10-2001,1862.96,1896.03,1831.48,438678890,1.06,139.86,2414.2,1894.25
26-10-2001,3711.25,3744.03,3671.49,239975314,0.94,68.89,2135.43,3719.13
27-10-2001,3431.01,3470.55,3391.92,406069735,1.26,74.16,1404.54,3442.84
04-11-2001,3852.83,3891.75,3841.18,95657658,1.37,104.77,1319.74,3866.87
10-11-2001,1446.05,1493.96,1419.34,463471600,1.43,40.32,1992.55,1467.27
12-11-2001,2070.37,2070.83,2035.7,103405247,0.91,96.15,1845.02,2043.91
13-11-2001,4341.92,4382.33,4329.52,458776675,1.02,69.71,1767.45,4341.36
19-11-2001,2654.57,2700.1,2618.11,29944126,0.82,33.79,848.82,2695.75
26-11-2001,4854,4905.43,4840.94,537363965,0.93,53.42,1674.57,4879.48
30-11-2001,4095.97,4167.94,4050.9,46105783,0.97,136.89,1292.08,4144.38
05-12-2001,1067.79,1079.65,1025.74,367002873,0.95,98.37,1280.05,1043.02
06-12-2001,4080.63,4135.29,4073.21,323289695,1.13,90.57,1385.77,4122.16
11-12-2001,2173.23,2250.11,2143.28,879679482,1.25,42.94,2270.18,2213.93
12-12-2001,4092.57,4132.87,4016.63,235419091,1.01,80.68,1030.55,4059.44
14-12-2001,2392.38,2425.59,2353.19,801450405,1.44,42.84,1267.86,2387.67
15-12-2001,2486.96,2552.86,2466.52,798382704,1.24,141.25,1279.18,2531.53
16-12-2001,1005.41,1067.55,995.1,692038994,1.01,30.01,1358.61,1023.09
17-12-2001,2199.2,2241.46,2159.22,370884086,1.25,99.43,1371.28,2179.36
21-12-2001,1094.38,1119.17,1043.2,641530414,1.02,149.66,2259.52,1058.77
30-12-2001,1986.41,2004.21,1946.74,163804637,1.01,99.51,1989.39,1953.09
02-01-2002,2895.24,2932.41,2870.21,110603623,1.08,50.51,1999.52,2880.65
03-01-2002,1231.38,1259.56,1216.04,37742450,1.18,83.84,1478.87,1246.96
08-01-2002,3177.93,3181.93,3122.32,46131515,0.85,123.26,2191.22,3154.54
09-01-2002,4851.07,4855.56,4769.27,562588422,1.19,102.73,1370.35,4804.97
10-01-2002,1302.42,1331.96,1283.35,51149267,1.13,51.61,1357.9,1297.98
11-01-2002,2462.72,2531.79,2446.6,18501784,0.95,141.05,1858.07,2501.82
17-01-2002,3313.19,3338.1,3312.91,136785420,1.11,84.26,2345.87,3330.62
19-01-2002,4244.5,4299.24,4232.3,224563331,0.95,91.53,1118.9,4293.06
24-01-2002,2380.77,2417.52,2369.99,639773821,1.27,86.29,878.08,2408.84
27-01-2002,2879.95,2904.53,2839.44,169121989,1.33,100.2,2208.33,2893.01
02-02-2002,3523.69,3593.93,3495.43,174949137,0.99,29.46,1018.16,3567.77
09-02-2002,3718.48,3768.21,3717.37,676018814,1.46,124.52,2148.57,3759.7
14-02-2002,3186.31,3233.7,3089.78,475620403,1.33,115.84,1550.01,3139.12
21-02-2002,4374.6,4417.49,4337.04,193423023,1.18,96.21,2101.57,4365.12
22-02-2002,4924.77,4949.81,4889.03,356641644,1.25,148.44,2498.81,4934.37
26-02-2002,4842.51,4867.3,4775.96,567753010,0.87,88.16,1398.5,4819.47
28-02-2002,4805.72,4860.05,4784.23,245673670,0.91,34.21,1777.1,4855.66
05-03-2002,2038.17,2115.58,2029.03,739545996,0.94,63.3,1844.53,2079.75
08-03-2002,1292.33,1299.18,1244.65,561819412,1.39,132.24,1517.44,1255.9
11-03-2002,1760.43,1784.26,1707.05,39080363,0.97,45.71,1256.75,1726.8
12-03-2002,4170.38,4208.56,4141.46,889676059,1.15,143.52,1941.58,4150.32
13-03-2002,4631.6,4644.51,4573.44,407991932,1.31,92.01,1944.49,4591.62
14-03-2002,4774.81,4798.85,4733.31,173397362,0.94,64.82,1910.11,4751.98
15-03-2002,4840.54,4921.74,4790.88,201120843,1.13,25.78,2414.9,4872.14
18-03-2002,4029.24,4049.98,3977.16,381043841,1.2,86.7,2179.74,4013.46
20-03-2002,2907.6,2922.6,2906.09,881853414,1.13,128.53,1206.79,2920.57
22-03-2002,1989.36,1999.51,1907.74,419577830,1.5,33.12,1291.36,1956.01
23-03-2002,3562.46,3631.18,3515.42,467646386,1.24,122.9,1473.47,3611.08
02-04-2002,1914.71,1964.35,1876.46,667718449,1.34,64.47,1670.05,1909.3
03-04-2002,3537.45,3564.67,3515.63,609304618,1.01,127.03,2270.98,3558.31
07-04-2002,3915.45,3961.69,3898.46,586540018,1.09,111.29,2223.94,3929.18
08-04-2002,1381.6,1398.05,1291.87,750187852,0.86,110.24,2336.12,1338.67
09-04-2002,2714.81,2734.38,2692.72,626208766,1.23,67.65,2462.46,2700.96
10-04-2002,1116.68,1133.27,1114.57,372046783,1.19,110.56,2468.06,1120.16
11-04-2002,2923.56,2990.33,2900.86,349489213,1.47,27.88,2466.72,2973.18
12-04-2002,3649.74,3670.28,3607.13,897745641,0.91,57.7,2010.33,3647.19
13-04-2002,1474.01,1541.64,1435.43,424904252,1.26,110.19,1756.51,1505.62
18-04-2002,1179.65,1208.86,1131.82,191069094,1.3,127.24,1586.17,1170.74
20-04-2002,2486.9,2502.36,2478.27,887902701,1.04,132.11,2021.75,2499.9
23-04-2002,4673.71,4685.81,4588.73,15508208,1.25,85.34,2184.25,4633.07
25-04-2002,3308.49,3346.79,3259.39,596470400,1.29,137.66,1223.32,3345.84
30-04-2002,2434.31,2437.15,2385.63,526559262,1.11,46.88,1400.51,2434.91
02-05-2002,1961.6,2031.08,1917.13,523152532,1.38,92.7,2285.2,2007.57
05-05-2002,1407.21,1431.3,1369.72,439317188,1.21,49.55,2202.92,1397.89
06-05-2002,3023.83,3056.29,3017.83,492014024,1.2,91.41,1884.8,3050.07
08-05-2002,1155.72,1158.94,1088.74,184752785,0.96,131.75,1849.71,1106.58
10-05-2002,1700.89,1740.65,1662.98,941653525,1.49,46.85,1823.59,1709.55
21-05-2002,4576.38,4622.23,4498.11,670822510,0.83,136.33,1791.98,4547.46
27-05-2002,2990.16,3031.6,2950,598413816,1.34,142.52,1575.02,3026.86
29-05-2002,3364.52,3383.2,3327.58,213965847,1.45,52.67,1055.62,3359.33
03-06-2002,1284.63,1350.17,1284.62,604510329,1.44,112.56,1321.83,1334.19
04-06-2002,1276.03,1316.55,1238.14,823633218,0.97,130.61,1107.74,1274.05
06-06-2002,3027.68,3070.51,3015.49,333994860,1.18,100.56,1246.57,3034.27
08-06-2002,4243.51,4289.14,4215.49,238420545,1.14,41.64,1657.63,4273.59
12-06-2002,4084.49,4133.51,4077.53,725409019,1.35,142.69,1383.74,4083.73
13-06-2002,3618.6,3643.29,3562.87,915187103,1.29,27.91,1643.72,3587.83
14-06-2002,1606.38,1606.87,1585.92,564877716,1.27,102.09,1711.34,1602.77
16-06-2002,3156.38,3213.96,3153.03,260981264,1.32,119.53,2468.88,3197.86
17-06-2002,2129.89,2158.82,2068.64,266419745,1.25,32.44,2186.42,2113.43
21-06-2002,4062.19,4112.11,4013.45,696347891,1.45,148.96,1984.04,4066.48
25-06-2002,1218.54,1262.18,1180.72,695910248,1.02,142.72,1617.26,1230.84
27-06-2002,1904.5,1963.74,1880.61,934279544,1.49,134.59,1225.86,1932.3
02-07-2002,3917.38,3982.04,3907.22,803510420,0.92,87.48,2130.61,3938.42
10-07-2002,2301.18,2327.53,2220.98,605312836,1.27,23.86,1595.41,2262.13
11-07-2002,3850.49,3898.98,3838.94,761908760,1.37,76.43,2328.02,3897.07
12-07-2002,4267.12,4297.88,4229.68,70063065,1.12,72.78,1405.54,4234.6
14-07-2002,2483.76,2491.64,2443.51,839784669,1.14,53.38,2058.2,2458.31
15-07-2002,4607.76,4659.24,4564.22,595758115,0.98,62.73,1137.86,4629.52
17-07-2002,4939.43,4964.98,4938.38,8115375,1.26,138.1,957.64,4956.77
18-07-2002,4016.99,4034.61,3993.7,865170639,1.16,50.58,1992.69,4028.44
25-07-2002,1669.29,1724.73,1660.01,104558274,0.93,33.57,963.7,1692.55
29-07-2002,1169.69,1185.36,1123.6,939061831,0.87,100.04,1085.6,1147.82
30-07-2002,2061.3,2084.42,2047.87,673948928,1.18,48.34,1124.72,2052.41
31-07-2002,3406.22,3425.72,3373.2,582035325,0.99,33.23,2253.45,3379.65
07-08-2002,2477.12,2507.44,2449.66,791941160,0.91,50.32,1191.66,2495.15
12-08-2002,2846.86,2886.73,2812.14,271145981,0.9,61.88,1724.66,2858.49
13-08-2002,4683.98,4700.94,4596.86,993787569,1.03,103.89,837.18,4638.47
14-08-2002,3778.38,3806.76,3736.06,552282355,1.08,135.4,2223.4,3790.63
19-08-2002,1780.96,1794.19,1722.61,662241674,1.04,86.98,2020.57,1771
23-08-2002,4426.15,4453.99,4397.13,809902143,0.91,99.62,2208.28,4424.54
26-08-2002,3248.29,3285.1,3202.03,154015957,1.15,125.15,2412.35,3207.03
27-08-2002,4788.36,4860.58,4775.47,977829045,1.31,146.54,1236.83,4832.01
31-08-2002,4144.82,4189.08,4125.46,536601195,1.48,147.85,2045.3,4175.33
03-09-2002,1100.77,1173.72,1057.74,760311436,1.22,76.28,2270.28,1146
04-09-2002,4355.99,4372.43,4288.6,420789173,1.15,124.07,1621.32,4310.98
05-09-2002,1045.67,1081.69,964.81,65311923,1.19,133.26,1480.37,1010.66
09-09-2002,1939.89,1972.32,1891.4,926975643,1.44,70.54,1438.92,1891.59
14-09-2002,1206.67,1232.16,1192.89,102766387,1.48,20.44,1759.68,1213.36
16-09-2002,3873.82,3931.31,3835.08,999353798,0.85,134.73,1253.83,3890.41
17-09-2002,4450.56,4512.21,4403.22,612874576,1.17,29.83,1445.31,4482.83
19-09-2002,4200.01,4214.4,4192.23,605039565,0.99,79.34,2321.87,4204.21
21-09-2002,2586.21,2610.04,2584.22,104344224,1.14,52.84,2000.76,2586.11
22-09-2002,1526.86,1541.66,1435.2,594175882,1.38,60.25,1506.45,1484.08
23-09-2002,4461.18,4505.37,4460.95,650235660,0.98,21.86,2391.2,4479.62
03-10-2002,4331.32,4394.58,4284.92,661222766,1.48,58.69,1605.09,4377.55
04-10-2002,4624.35,4641.25,4602.91,422739517,1.09,118.52,1364.9,4626.19
07-10-2002,1207.34,1236.32,1133.7,958463805,1.33,116.25,2268.77,1182.66
08-10-2002,3195.43,3240.13,3147.44,150845551,1.11,138.55,1960,3225.8
10-10-2002,2227.11,2279.19,2182.81,716678341,1.16,96.65,1858.22,2275
11-10-2002,2411.83,2414.63,2369.45,368064865,0.92,109.42,971.97,2412.02
13-10-2002,2336.2,2365.26,2304.99,110266418,1.46,45.74,2128.07,2361.55
15-10-2002,2618.11,2663.45,2576.27,772676643,1.23,116.25,1652.61,2622.8
18-10-2002,2143.03,2156.66,2114.82,287334533,1.17,80.37,1395.39,2134.83
22-10-2002,1226.34,1252.22,1163.44,249032259,1.26,50.28,2065.14,1185.41
23-10-2002,2495.68,2514.78,2468.93,697643295,1.02,114.04,1355.58,2471.95
24-10-2002,4777.79,4843.49,4740.33,543996480,1.19,116.15,1682.74,4815.27
30-10-2002,4003.76,4050.84,3965.91,304805577,1.18,103.79,2004.93,4032.65
31-10-2002,1405.49,1447.15,1351.67,675704817,0.89,120.24,828.34,1378.86
01-11-2002,2111.41,2148.04,2067.57,828232299,1.38,104.85,1362.01,2125.33
03-11-2002,2728.08,2754.82,2716.17,144137711,1.06,148.95,2364.84,2749.45
10-11-2002,2614.4,2627.24,2557.83,424603191,0.81,77.64,2217.49,2580.49
11-11-2002,3951.54,3994.38,3915.22,267163433,1.16,76.11,2119.48,3971.57
12-11-2002,3818.22,3845.61,3813.44,38145438,0.88,120.51,2046.57,3844.11
15-11-2002,2590.45,2669.57,2550.03,334594984,0.86,148.9,1556.99,2621.91
16-11-2002,2057.11,2126.57,2049.11,418802559,1.05,142.24,1280.8,2100.73
18-11-2002,2932.16,3004.55,2915.67,804307447,1.1,138.61,958.21,2977.19
27-11-2002,2189.16,2235.28,2131.89,588423680,0.98,52.59,1023.45,2179.51
30-11-2002,3494.6,3521.52,3462.26,823104763,1.21,129.72,1111.72,3501.88
04-12-2002,4860.06,4885.31,4794.6,440613349,1.32,110.19,2459.73,4843.46
05-12-2002,2003.57,2005.09,1921.08,394428718,1.06,44.87,2132.62,1964.25
06-12-2002,3704.11,3710.7,3661.84,396545051,1.45,67.69,1749.12,3677.99
10-12-2002,2084.39,2110.25,2032.57,722973054,0.98,126.83,1310.12,2080.46
14-12-2002,1423.62,1466.19,1396.23,561864154,1.45,54.85,1780.62,1428.03
19-12-2002,1810.53,1827.07,1795.67,183411197,1.15,42.67,2128.14,1798.26
20-12-2002,3350.34,3388.09,3315.61,481374669,1.07,119.46,2444.56,3326.16
27-12-2002,2801.02,2822.67,2779.26,196862194,1.33,139,2155.8,2792.91
28-12-2002,4830.32,4861.46,4818.09,999789343,0.94,86.73,1037.84,4857.91
29-12-2002,2596.14,2620.53,2573.16,744281933,1.44,72.1,1988.56,2580.01
01-01-2003,3689.84,3757.65,3680.51,391784860,1.09,122.93,1982.51,3714.04
03-01-2003,1407.57,1447.13,1363.92,386255537,1.46,71.22,1865.12,1442.82
05-01-2003,2734.33,2790.68,2701.36,399146186,1.16,106.38,2359.56,2771.77
08-01-2003,4658.19,4674.41,4591.14,542333878,1.22,46.97,1861.16,4640.11
19-01-2003,1365.57,1393.1,1324.57,440876455,0.97,22.73,2404.37,1370.05
20-01-2003,1797.08,1813.37,1724.27,670698146,1.26,142.12,1171.5,1774.05
25-01-2003,1857.63,1917.95,1819.63,74650760,1.02,138.78,854.83,1874.84
26-01-2003,2083.23,2127.69,2020.98,94366238,0.83,36.18,1813.39,2038.43
30-01-2003,3930.93,3980.81,3914.55,443056767,1.35,86.73,1246.11,3961.16
04-02-2003,4353.97,4401.5,4309.26,921068765,1.02,130.9,2108.46,4332.44
08-02-2003,3177.02,3190.45,3129.09,95964079,1.42,43.22,2487.05,3134.77
16-02-2003,4683.07,4692.99,4621.2,155343923,1.42,23.12,2018.72,4669.24
17-02-2003,3337.8,3385.88,3265.13,435683187,1.3,70.12,972.99,3298.64
18-02-2003,3153.33,3216.49,3144.57,581804076,1.24,20.77,884.35,3190.92
19-02-2003,2075.41,2140.43,2051.72,89353774,0.85,24.69,1448.11,2103.73
22-02-2003,3665.85,3686.21,3663.84,564274891,1.48,92.61,1718.22,3664.59
24-02-2003,2817.38,2889.21,2804.8,119723911,1.24,96.48,843,2862
25-02-2003,3520.99,3556.14,3499.51,637604879,1.49,28.45,1574.13,3528.97
08-03-2003,1087.65,1119.55,1036.36,325124417,1.3,83.89,945.27,1067.77
13-03-2003,4708.44,4751.14,4656.14,115546552,1.43,23.31,998.98,4699.18
18-03-2003,2040.95,2096.3,1996.98,276210216,1.05,91.43,1325.17,2053.53
19-03-2003,1637.97,1639.56,1591.46,556221791,1.16,57.12,1913.04,1593.42
20-03-2003,1641.85,1679.29,1592.45,826189157,0.96,43.24,854.37,1675.49
21-03-2003,1281.97,1296.86,1248.75,126426523,0.9,23.5,1553.17,1283.16
24-03-2003,4526.76,4566.66,4463.56,321137047,1.36,80.02,1176.29,4493.84
25-03-2003,4256.5,4284.66,4202.03,834309324,0.9,45.19,2294.52,4226.27
27-03-2003,1441.73,1472.55,1427.83,441805045,0.87,144.61,2248.8,1451.08
29-03-2003,2239.23,2244.93,2173.36,793572031,1.37,67.25,1398.49,2200.86
30-03-2003,1999.83,2080.65,1979.16,100658278,1.02,25.05,2348.34,2046.84
07-04-2003,4655.15,4670.21,4643.48,76559156,1.12,57.25,1159.75,4669.43
10-04-2003,2417.7,2478.75,2402.14,35092321,0.85,77.08,1624.05,2436.89
12-04-2003,4764.48,4801.42,4698.54,507201199,1.09,142.45,819.57,4738.82
15-04-2003,2570.92,2599.45,2494.19,861890997,0.95,29.43,2236.86,2528.17
17-04-2003,3012.53,3034.68,2963.15,930765780,0.86,105.04,1722.54,3002.78
21-04-2003,4351.63,4400.22,4351,311798927,1.16,100.3,1618.36,4396.42
24-04-2003,2756.84,2796.44,2729.48,210705348,1.34,52.46,2259.18,2747.07
25-04-2003,3442.19,3471.34,3385.68,939185119,1.18,116.23,2006.37,3397.31
26-04-2003,1641.46,1686.91,1610.27,862948687,1.34,59.94,1293.82,1641.11
01-05-2003,1470.21,1517,1448.07,849251894,0.8,91.14,2054.13,1500.53
10-05-2003,1662.99,1707.96,1584.33,71920510,1.32,90.71,1173.06,1623.57
13-05-2003,2417.09,2510.2,2412.97,394742041,1.39,109.72,1980.9,2465.68
18-05-2003,1981.41,2033.22,1975.84,154036780,1.13,108.18,1549.83,1986.82
20-05-2003,2564.13,2600.85,2528.35,666260777,1.07,124.91,1099.14,2552
21-05-2003,1936.81,1989.48,1888.38,166253065,1.47,147.11,2125.5,1971.12
23-05-2003,4839.45,4859.55,4794.54,627589562,1.28,30.02,2206.38,4854.52
25-05-2003,3227.51,3301.41,3177.91,228795791,0.86,116.31,2224.5,3266.91
01-06-2003,3000.45,3024.91,2965.47,540677211,1.16,131.96,1438.58,2967.13
04-06-2003,3525.68,3541.06,3435.79,544512316,1.5,133.7,1338.42,3484.29
11-06-2003,3768.29,3792.36,3752.56,798036857,1.29,34.37,2195.12,3780.25
12-06-2003,1825.01,1849.81,1796.95,236977902,1.47,91.63,851.17,1841.36
13-06-2003,2567.44,2639.81,2540.76,65609985,1.04,92.1,1394.41,2601.07
20-06-2003,1276.18,1278.51,1257.61,181174538,1.27,34.69,1804.04,1276.27
21-06-2003,2897.02,2959.98,2895.05,96564537,1.39,141.1,1453.05,2945.16
28-06-2003,3142.63,3166.63,3107.27,785829133,0.87,75.04,1969.25,3147.57
03-07-2003,2334.51,2370.07,2300.93,49410427,1,88.21,1359.39,2368.88
04-07-2003,4166.23,4170.22,4116.26,755315491,0.85,98.6,2252.52,4135.72
09-07-2003,2865.24,2907.56,2821.4,342021362,1.1,135.99,2105.58,2835.99
11-07-2003,2551.3,2618.62,2513.1,820446546,0.8,53.8,1755.26,2588.07
13-07-2003,4607.1,4673.97,4603.03,246585222,1.04,75.22,2115.56,4653.76
16-07-2003,4509.4,4536.84,4477.82,245260798,1.49,80.18,1162.41,4498.34
17-07-2003,2557.62,2629.71,2508.2,828827054,1.02,38.9,1723.9,2602.79
18-07-2003,3167.04,3195.29,3125.52,536993476,1.22,112.24,1293.29,3149.01
20-07-2003,1266.26,1349.5,1221.7,84187277,1.16,90.51,2071.76,1304.39
21-07-2003,3593.27,3637.06,3553.74,566951676,1.21,98.6,1190.4,3578.29
22-07-2003,1296.42,1336.49,1224.79,147180451,0.93,128.75,1890.28,1254.75
30-07-2003,2402.08,2409.03,2382.69,52578953,1,31.05,1396.52,2396.39
31-07-2003,2490.13,2502.75,2452.49,363286590,1.18,102.03,1243.84,2477.75
02-08-2003,2478.3,2489.13,2469.68,514701448,0.82,63.96,1559.74,2480.89
03-08-2003,2856.95,2905.4,2820.97,317395621,1.29,96.12,1666.95,2887.83
07-08-2003,1033.45,1051.84,994.7,26792704,1.4,86.06,1552.66,1010.39
18-08-2003,4127.84,4136.96,4075.94,584901802,1.25,126.78,1822.31,4085.99
26-08-2003,1679.52,1705.39,1635.4,577801069,0.87,60.11,2400.99,1683.33
28-08-2003,4561.64,4580.96,4518.82,785389743,1.27,29.49,1620.38,4535.95
29-08-2003,3999.91,4034.95,3994.63,285561744,0.85,112.91,1182.96,4024.39
01-09-2003,3388.62,3404.15,3345.03,817028769,1.47,104.82,1473.12,3384.69
03-09-2003,4556.51,4590.21,4498.27,402340150,1.44,84.79,1017.69,4531.26
06-09-2003,1625.91,1696.45,1592.81,999129180,1.4,40.92,1421.77,1658.36
08-09-2003,3865.59,3915.51,3782.3,411322927,1.05,129.82,2411.26,3822.9
17-09-2003,1751.68,1797.67,1724.82,343879021,1.48,134.67,1486.62,1793.76
18-09-2003,1307.89,1394.14,1297.31,657487064,0.98,94.94,2226.05,1354.73
23-09-2003,4184.97,4210.97,4102.72,784521373,0.81,75.08,2237.06,4141.46
25-09-2003,3769.44,3790.4,3711.8,943015732,1.06,123.5,1925.12,3743.46
01-10-2003,1763.71,1803.65,1749.63,760078337,1.22,132.65,1643.8,1764.08
02-10-2003,3778.56,3840.65,3736.52,649690360,1.16,103.92,2177.67,3811.58
04-10-2003,3381.21,3390.8,3345.22,264893638,1,91.46,1145.5,3365.05
07-10-2003,4259.76,4263.54,4185.1,267180743,0.86,45.55,2424.91,4230.69
08-10-2003,4112.1,4124.43,4028.49,100778655,0.8,46.73,1708.6,4066.04
10-10-2003,1750.89,1804.12,1715.16,809090997,0.85,78.93,2246.74,1783.65
11-10-2003,1353.54,1444.15,1327.18,511546193,1.06,86.04,2293.3,1400.33
13-10-2003,2473.39,2484.03,2457.74,461725101,0.91,73.61,844.19,2483.44
16-10-2003,2038.31,2057.11,1988.5,376443304,0.91,93.1,2017.59,2012.98
19-10-2003,1973.59,2024.94,1935.8,241112916,1.25,59.2,2242.57,1979.32
21-10-2003,1155.92,1179.03,1085.97,763060649,1.16,98.78,1388.83,1133.9
26-10-2003,2301.16,2356.85,2257.6,891345844,1.5,112.68,1452.78,2320.5
27-10-2003,4603.84,4671.8,4562.47,653846205,1.31,144.78,1368.19,4652.9
29-10-2003,4301.66,4302.12,4271.47,868915538,1.25,147.44,1377.17,4301.48
30-10-2003,4379.49,4402.52,4354.63,454474286,1.44,32.36,1599.18,4362.44
31-10-2003,1996.03,2020.45,1963.31,396603519,1.46,77.65,1944.34,1990.09
03-11-2003,1379.67,1432.61,1353.27,853776093,1.46,43.2,1624.16,1417.91
07-11-2003,4226.66,4285.88,4223.07,221754362,1.22,78.09,981.2,4265.52
08-11-2003,4432.09,4443.7,4412.82,816273870,1.29,70.51,1389.12,4415
10-11-2003,1965.99,1977.14,1917.44,95026053,1.27,88.49,1441.89,1967.2
12-11-2003,2644.77,2652.64,2566.8,72530109,0.97,33,2180.61,2599.55
13-11-2003,1520.32,1553.87,1461.53,331689340,0.89,81.29,1785.6,1505.54
17-11-2003,3264.72,3268.26,3252.14,108482006,1.3,55.73,1343.97,3257.2
18-11-2003,2251.11,2281.02,2234.06,107821964,1.21,145.46,1774.82,2239.67
21-11-2003,1057.53,1083.91,1039.2,577360888,1.13,45.59,1524.2,1058.04
22-11-2003,4057.41,4152.47,4008.52,166068925,1.29,36.75,1433.76,4106.25
27-11-2003,3478.1,3516.96,3402.18,757891108,1.07,45.83,917.69,3443.79
29-11-2003,3498.46,3567.35,3468.78,444044774,1.41,108.65,809.33,3525.14
04-12-2003,4026.92,4100.14,3982.59,913090718,1.03,57.11,1393.24,4065.08
07-12-2003,2556.92,2577.95,2509.18,965514867,0.91,93.3,948.19,2563.13
09-12-2003,3387.41,3398.9,3332.3,161107108,1.21,47.86,1053.78,3348.88
10-12-2003,4712.73,4712.78,4666.27,509804749,1.26,143.53,1273.34,4675.34
11-12-2003,4716.56,4755.27,4704.34,835378440,1.18,101.51,2467.82,4719.51
12-12-2003,2367.62,2376.18,2302.87,954817033,0.99,27.5,2473.52,2344.51
13-12-2003,3110.71,3115.93,3032.09,687812478,1.22,27.73,1602.63,3062.81
19-12-2003,3860.4,3896.2,3808.9,66064475,1.43,122.53,1325.03,3858.82
28-12-2003,3001.44,3031.99,2990.12,886734770,1.48,124.49,1815.89,3012.98
29-12-2003,3763.54,3807.1,3730.68,540626660,1.24,38.29,1927.68,3754.11
01-01-2004,2101.15,2135.33,2069.06,344784471,1.09,26.67,963.15,2077.67
02-01-2004,1624.83,1644.42,1586.72,572888327,1.19,31.51,1905.78,1643.44
05-01-2004,1717.42,1789.23,1702.62,107729248,1.34,110.92,1706.55,1748.57
11-01-2004,1076.58,1115.62,1041.3,159945066,1.12,115.73,2014.12,1092.37
15-01-2004,4352.62,4419.93,4318.54,879354696,1.07,120.06,1783.18,4374.02
17-01-2004,4843.68,4894.33,4833.05,922049275,0.83,145.36,1713.95,4845.39
18-01-2004,3143.74,3187.75,3086.73,557487742,1.06,61.32,880.39,3105.45
27-01-2004,2419.7,2465.03,2400.03,964307720,1.1,148.35,1142,2464.75
01-02-2004,3427.39,3429.56,3396.93,991248022,1.06,133.46,2347.82,3407.28
04-02-2004,3636.18,3715.13,3632.47,813646468,1.03,61.88,941.76,3682.78
05-02-2004,1844.93,1868.14,1758.38,255611077,1.49,94.28,1839.41,1807.99
06-02-2004,4451.99,4476.76,4406.39,503086514,1.05,87.31,1562.3,4439.17
14-02-2004,4589.46,4608.36,4529.15,163755040,0.98,80.94,831.89,4547.94
19-02-2004,1249.58,1275.92,1206.38,739682284,1.11,79.8,1576.07,1267.9
26-02-2004,1340.41,1398.41,1317.01,6327826,0.95,31.36,2195.46,1374.94
27-02-2004,2542.39,2601.13,2493.07,265854358,1.1,115.72,1695.46,2565.11
29-02-2004,1843.17,1862.94,1778.54,589740236,1.38,23.91,1158.97,1808.74
04-03-2004,1403.91,1437.5,1352.4,188198887,0.86,123.89,1214.78,1372.6
07-03-2004,4892.31,4936.85,4844.16,73711026,1.22,27.86,1438.45,4844.79
09-03-2004,4871.05,4920.49,4826.79,95898331,1.01,43.25,834.01,4857.59
13-03-2004,2305.02,2365.8,2302.34,285904075,0.99,62.72,2050.48,2347.64
15-03-2004,1930.02,1950.94,1880.09,191184244,1.05,131.4,858.43,1887.56
16-03-2004,1518.72,1540.76,1464.75,123957749,1.25,95.14,969.79,1493.76
18-03-2004,2421.28,2498.83,2385.22,617105123,1.29,101.53,2080.66,2460.11
24-03-2004,2370.58,2394.03,2336.55,604453589,1.28,70.36,1980.2,2347.44
28-03-2004,2938.15,2940.1,2904.16,780518928,1.37,149.83,1871.8,2938.43
30-03-2004,3253.63,3301.35,3204.78,863411105,0.92,123.67,2127.68,3247.84
02-04-2004,3322.8,3368.04,3308.33,260424374,1.33,31.47,1997.24,3331.37
04-04-2004,1576.32,1634.68,1545.66,764220734,0.9,139.13,1851.43,1602.42
07-04-2004,2951.34,2976.58,2874.76,902088147,1.47,101.72,2142.89,2906.63
11-04-2004,4289.52,4293.13,4259.43,777135006,0.93,122.09,1602.8,4271.87
15-04-2004,3900.02,3917.03,3846.68,381473839,1.33,36.71,1396.58,3885.64
22-04-2004,4360.43,4363.51,4312.79,342044591,1.03,103.28,1033.03,4318.28
25-04-2004,2485.87,2523.41,2468.63,788283168,1.26,115.88,1357.48,2506.55
28-04-2004,3966.57,3969.11,3934.23,492777900,0.82,25.74,2135.82,3953.62
29-04-2004,2970.28,2988.23,2965.23,282524239,0.93,65.35,2486.93,2977.17
30-04-2004,2932.72,2984.6,2892.62,926503682,1.22,138.5,1021.47,2970.89
03-05-2004,4439.18,4445.88,4356.72,642669422,1.35,75.01,2286.97,4397.84
04-05-2004,2627.22,2691.33,2616.4,289609327,1.29,139.8,1493.71,2644.14
05-05-2004,2312.93,2353.14,2290.78,368388394,0.99,140.71,2278.41,2303.96
10-05-2004,4805.78,4831.29,4757.11,843412072,0.94,61.84,2135.91,4801.18
14-05-2004,2958.5,2996.55,2954.73,481298165,0.81,117.83,844.69,2983.4
16-05-2004,1919.31,1944.2,1846.29,18343120,1.34,83.43,1632.34,1881.06
19-05-2004,3646.67,3674.76,3618.79,719721254,0.83,33.76,1305.46,3654.83
24-05-2004,1874.84,1909.85,1833.81,149437666,0.88,46.26,1784.9,1877.17
25-05-2004,1731.35,1770.05,1670.46,604762343,1.08,129.99,1649.43,1693.02
31-05-2004,1572,1610.72,1570.25,171587145,1.48,26.53,1567.68,1598.41
04-06-2004,1348.07,1413.93,1315.61,756016433,1.09,115.05,2375.18,1370.92
05-06-2004,3227.14,3261.53,3193.02,708338822,1.4,37.95,1459.47,3197.11
06-06-2004,4380.48,4427.42,4360.84,284904157,1.5,42.98,1770.05,4367.61
07-06-2004,4183.71,4220,4175.93,533992018,1.38,103.68,2059.05,4183.88
08-06-2004,1700.49,1732.56,1668.97,58290806,1.19,76.82,1834.48,1723.04
13-06-2004,1998.68,2049.84,1983.19,712072788,1.07,46.99,1358.16,2030.52
20-06-2004,1608.19,1642.96,1570.59,460684562,0.94,93,1061.84,1572.03
25-06-2004,4682.96,4770.47,4646.86,62378377,1.04,71.88,2493.69,4723.65
28-06-2004,1830.16,1831.24,1787.82,147868343,1.37,21.33,1754.59,1825.14
30-06-2004,4633.74,4688.2,4599.82,296635063,1.35,140.34,1283.78,4663.15
02-07-2004,2865.2,2911.28,2815.6,861136600,0.9,84.25,1747.03,2904.67
08-07-2004,4998.23,5044.16,4952.38,730452023,1.35,119.15,2273.46,5034.13
12-07-2004,1682.83,1694.07,1627.91,510725510,0.82,64.4,1456.27,1650.66
13-07-2004,1121.85,1147.82,1081.26,324600543,1.27,87.05,814.82,1095.79
15-07-2004,2361.65,2408.9,2299.97,845556898,1.44,134.8,1678.92,2336.77
17-07-2004,3460.52,3492.6,3397.06,733443262,1.05,114.87,1769.5,3424.02
20-07-2004,3005.1,3017.85,2969.13,278332301,1.41,105.65,2272.09,2999.29
22-07-2004,1139.65,1166.26,1106.9,319070199,0.86,81.89,2451.29,1164.3
25-07-2004,4356.72,4359.1,4298.12,176011808,1.07,48.29,2140.87,4339.92
31-07-2004,3898.39,3917.79,3843.88,161562377,1.4,99.2,1599.37,3873.02
04-08-2004,1693.98,1754.76,1679.26,34201244,1.5,104.91,1405.07,1707.36
06-08-2004,4205.78,4236.68,4168.51,744516517,1.36,36.76,2340.25,4211.31
07-08-2004,2568.37,2587.58,2556.08,621791179,1.33,118.38,1503.7,2571.13
08-08-2004,4003.08,4044.04,3966.64,590343547,0.98,98.24,1537.66,4018.62
12-08-2004,3709.57,3756.68,3683.51,331328675,1.41,77.38,1526.99,3728.98
18-08-2004,4307.43,4384.8,4277.85,254090849,1.19,60.37,1924.12,4336.44
20-08-2004,4100.98,4138.35,4075.23,870875375,1.46,142.48,1358.38,4118.68
29-08-2004,3714,3749.29,3701.06,829093273,1.28,44.29,975.14,3738.54
30-08-2004,2270.2,2305.98,2220.37,189542286,1.05,126.85,2245.79,2258.1
06-09-2004,4853.44,4921.52,4837.03,509198030,0.88,69.64,2481.17,4893.77
08-09-2004,3864.2,3907.18,3829.03,730151888,0.91,38.51,1700.49,3837.41
11-09-2004,4960.44,5020.18,4954.34,40338168,0.92,121.11,2367.58,4996.14
12-09-2004,2247.52,2272.46,2233.4,56743692,1.19,140.2,1395.81,2239.03
13-09-2004,2359.89,2370.64,2315.2,747526059,1.39,102.64,2102.39,2318.82
19-09-2004,4741.94,4810.4,4696.75,151782471,1.28,85.44,821.14,4774.7
21-09-2004,2490.04,2506.56,2455.13,309547395,1.05,85.09,1712.25,2499.65
24-09-2004,1369.44,1379.66,1286.98,799004205,1.04,70.37,1230.17,1328.41
26-09-2004,3380.85,3417.86,3365.55,894006037,1.24,44.03,952.72,3411.58
01-10-2004,1986.63,2023.94,1939.8,546689557,1.39,124.61,1058.34,1952.73
12-10-2004,1849.79,1933.65,1837.36,699621073,1.45,114.72,1652.54,1899.25
15-10-2004,2609.63,2660.71,2600.85,382741332,1.03,31.23,1167.22,2658.91
20-10-2004,3764.22,3802.64,3720.15,956163958,0.82,72.67,835.6,3722.87
25-10-2004,2719.83,2779.62,2709.16,409240366,1.3,75.47,2185.25,2769.75
26-10-2004,4323.8,4352.58,4286.21,966643407,0.92,70.34,2214.45,4302.48
29-10-2004,3125.82,3174.36,3071.24,726832992,1.25,136.01,1469.88,3092.23
01-11-2004,2199.77,2251.08,2172.48,821955517,1.49,55.18,1183.47,2240.35
02-11-2004,3384.33,3463.54,3352.95,555307140,1.08,69.93,906.57,3431.84
03-11-2004,2735.38,2773.42,2661.85,868985081,1.01,52.52,1062.44,2708.61
07-11-2004,4609.65,4663.59,4579.08,307452643,1.32,116.7,1267.54,4646.65
09-11-2004,3932,3953.07,3879.66,645146424,1.41,45.33,1434.53,3898.47
15-11-2004,4593.55,4624.32,4524.95,393313428,1.21,75.94,1540.9,4549.02
18-11-2004,1043.24,1078.33,1036.43,355605166,0.88,136.54,1991.06,1043.55
20-11-2004,4203.92,4253.96,4176.78,570865054,0.95,57.64,1834.91,4226.84
22-11-2004,3307.43,3355.76,3305.62,265392549,1.03,87.06,2477.32,3351.3
24-11-2004,1474.84,1535.01,1452.09,748100619,0.86,132.08,1824.52,1509.9
27-11-2004,1268.94,1294.81,1240.57,157556939,0.96,86.5,2160.78,1249.29
30-11-2004,1129.77,1155.47,1105.83,548803918,1.03,117.26,1340.26,1126.51
01-12-2004,3634.87,3663.53,3565.81,812146578,0.98,43.62,1358.05,3613.43
04-12-2004,1690.1,1710.84,1616.2,580203240,1.38,100.89,992.12,1649.9
06-12-2004,2185.43,2224.67,2113.2,113169924,0.84,43.44,803.27,2141.14
07-12-2004,4753.26,4763.26,4711.41,10227525,1.3,90.35,2093.29,4714.31
09-12-2004,4934.27,4968.06,4928.07,484427906,1.1,86.26,1738.26,4930.71
10-12-2004,2038.68,2066.67,1991.16,354165540,0.93,95.33,2070.95,2032.01
12-12-2004,2724.94,2785.83,2713.09,693875690,0.88,95.51,1985.67,2748.89
13-12-2004,2390.08,2421.34,2366.53,398078649,1.22,79.14,909.91,2382.71
14-12-2004,1201.4,1250.72,1160.7,442714836,1.32,87.86,2298.15,1184.77
24-12-2004,4282.78,4336.95,4261.43,253618081,1.06,96.54,1018.75,4318.73
29-12-2004,2312.72,2369.22,2282.16,477618764,1.19,21.39,1746.86,2359.3
31-12-2004,1338.75,1409.44,1328.97,626570968,1.13,118.55,1740.86,1369.86
01-01-2005,2866.77,2890.56,2798.26,354635517,0.97,147.38,2293.87,2836.49
02-01-2005,2928.53,2955.36,2898.7,40076502,0.92,109.46,2087.12,2899.88
03-01-2005,4363.63,4419.8,4344.86,882603669,1.15,139.9,1975.73,4381.24
15-01-2005,3126.29,3210.71,3083.59,82704164,0.85,137.15,1270.12,3167.76
17-01-2005,2902.38,2917.08,2841.75,721506630,1.2,75.87,983.58,2864.5
18-01-2005,2630.99,2666.5,2582.05,260665991,0.84,129.26,1475.48,2589.53
23-01-2005,3859.01,3898.46,3854.81,344525735,1,114.83,814.01,3868.91
29-01-2005,3647.11,3690.26,3582.34,649039642,0.92,146.52,831.18,3599.05
05-02-2005,3447.32,3514.3,3399.33,630107169,1.35,81.92,1414.91,3488.22
06-02-2005,2493.83,2586.27,2467.83,5634391,1.26,147.56,1346.21,2539.61
08-02-2005,1423.5,1461.39,1397.43,484268885,1.4,141.28,2026.3,1426.74
13-02-2005,1280.43,1334.96,1247.17,824759677,1.39,40.82,1526.53,1326.23
16-02-2005,1627.25,1652.42,1608.69,202845663,1.46,43.53,1624.37,1639.25
23-02-2005,1925.52,1953.26,1891.82,873565700,1.49,37.64,1369.39,1902.08
24-02-2005,3009.71,3057.57,2971.95,85340144,1.44,71.93,2262.75,3036.43
01-03-2005,4737.22,4814.06,4733.02,939652027,1.05,27.84,2379.65,4780.39
03-03-2005,3541.66,3581.85,3511.94,504995107,1.2,59.66,1225.95,3527.48
06-03-2005,4009.59,4045.44,3972.65,905897559,1.01,100.07,1794.14,4005.65
07-03-2005,3125.18,3169.47,3099.3,50476122,0.86,43.88,1922.06,3165.26
10-03-2005,3925.99,3962.47,3906.41,581252400,1.3,26.22,1634.65,3925.16
12-03-2005,1585.75,1652.31,1561.06,666834144,1.34,83,2229.18,1616.42
15-03-2005,4378.66,4380.74,4370.29,97141038,1.02,110.03,1030.94,4370.84
16-03-2005,2725.21,2726.37,2653.87,520496247,1.01,119.74,1672.03,2698.18
19-03-2005,2004.68,2046.94,1962.29,360592384,1.4,26.58,1648.21,2019.02
24-03-2005,3292.17,3335.75,3252.85,185633779,1.21,34.83,1027.84,3327.32
25-03-2005,2300.84,2302.36,2254.64,564453479,0.85,104.14,1972.48,2299.15
26-03-2005,1157.08,1173.49,1121.05,275911936,1.43,81.32,1492.02,1148.69
27-03-2005,2087.99,2181.19,2039.61,233806638,0.97,48.32,2413.1,2135.78
30-03-2005,4862.99,4885.56,4799.7,627355907,1.17,36.42,2272.3,4842.18
04-04-2005,4221.72,4243.42,4187.59,671203460,1.38,42.74,2121.56,4212.91
07-04-2005,4133.19,4163.44,4082.9,178252194,1.1,51.88,935.83,4104.22
12-04-2005,3638.02,3702.92,3612.05,659848992,0.86,72.66,944.39,3652.94
14-04-2005,1481.55,1540.03,1441.52,993699493,1.12,144.21,1982.87,1495.36
15-04-2005,4754.12,4795.28,4713.57,575988551,1.37,119.28,851.5,4736.18
17-04-2005,3491.01,3502.38,3457.03,953808343,0.84,148.89,2146.11,3483.72
18-04-2005,1890.7,1890.86,1836.66,239223334,1.15,119.5,1124.3,1853.58
20-04-2005,3185.83,3191.26,3147.46,550086440,1.02,80,1840,3183.35
25-04-2005,4029.13,4107.26,4015,87736522,1.26,56.07,1336.85,4060.33
28-04-2005,2572.42,2605.49,2489.34,39280105,1.44,85.81,1613.44,2527.12
29-04-2005,1400.98,1422.08,1387.71,609538940,0.89,63.82,1557.04,1407.61
01-05-2005,3646.87,3663.41,3584.12,932908693,1.34,115.17,1139.52,3610.52
02-05-2005,3409.8,3423.29,3371.87,813927266,0.9,134.9,1220.54,3382.67
04-05-2005,1935.25,1957.26,1882.99,283983128,1.17,99.33,1505.42,1887.26
05-05-2005,1094.83,1145.72,1072.61,616511910,1.15,132.37,1503.73,1120.1
06-05-2005,4339.79,4373.43,4294.7,939493505,1.1,38.62,1108.95,4337.17
07-05-2005,4898.76,4918.12,4862.65,840259904,1.41,41.09,2138.52,4893.44
09-05-2005,1925.9,1966.15,1904.86,452378579,1.07,60.18,1529.43,1957.84
10-05-2005,4473.64,4491.11,4424.29,69539818,1.18,148.23,1041.74,4459.62
17-05-2005,1114.61,1184.19,1073.42,225651570,1.16,55.23,2033.91,1159.98
19-05-2005,1045.21,1069.8,1021.99,953482659,1.4,121.02,1993.79,1025.03
24-05-2005,2590.74,2597.53,2575.94,734234754,0.86,135.78,976.95,2587.82
25-05-2005,4895.2,4898.53,4839.93,497659654,0.84,50.51,1594.42,4865.09
26-05-2005,3176.79,3235.76,3130.48,648807489,1.1,55.92,1162.59,3186.96
27-05-2005,2100.96,2148.81,2016.28,810089792,1.46,60.74,1119.48,2057.03
02-06-2005,1202.29,1276.94,1193.87,396482711,1.16,45.44,1923.5,1229.41
03-06-2005,2704.48,2736.19,2621.97,345335556,1.32,64,2292.72,2658.36
04-06-2005,4329.45,4347.15,4289.67,829980827,1.19,89.33,901.27,4298.86
05-06-2005,4222.6,4256.43,4197.03,430574417,1.09,139.78,1416,4226.26
10-06-2005,1381.44,1397.68,1327.14,842227808,1.48,36.83,1404.75,1374.38
11-06-2005,2800.23,2814.9,2796.99,506691593,0.8,32.42,943.64,2797.3
13-06-2005,4482.75,4523.54,4434.63,495853024,1.04,78.84,1225.09,4435.86
14-06-2005,1334.1,1401.31,1288.67,839212064,1,20.65,1992.81,1378.79
20-06-2005,2337.6,2399.18,2302.95,492435743,1.2,103.74,1210.91,2354.3
23-06-2005,1645.47,1668.48,1643.31,436971565,1.49,137.62,2030.2,1657.62
30-06-2005,2444.3,2449.27,2395.27,398284439,1.08,26.69,2159.09,2447.66
01-07-2005,2633.82,2666.01,2535.56,651979985,1.28,102,2050.23,2583.84
02-07-2005,3718.79,3756.94,3684.86,331065935,0.84,148.29,2271.73,3692.91
04-07-2005,1138.69,1182.99,1085.46,614941668,1.09,118.57,837.94,1113.74
09-07-2005,2039.31,2076.57,2007.37,505448007,1.27,68.22,2227.63,2075.87
14-07-2005,2645.22,2659.14,2616.11,909345853,1.14,111.23,1228.74,2650.29
20-07-2005,2587.97,2633.58,2539.98,848054658,1.08,103.11,1086.24,2541.98
23-07-2005,2441.9,2475.51,2394.38,399317031,1.12,104.2,2055.92,2407.12
26-07-2005,1324.92,1377.39,1303.89,497192406,1.22,89.66,1148.85,1333.5
27-07-2005,4970.33,5023.77,4965.39,600012386,1.17,106.27,1366.38,4979.01
31-07-2005,4175.27,4189.85,4147.92,645869885,0.98,129.77,1421.32,4170.13
02-08-2005,3311.23,3332.58,3269.85,588890263,1.25,36.92,1031.42,3327.59
03-08-2005,4464.41,4538.91,4443.03,799331226,1.29,64.34,2002.8,4492.81
05-08-2005,2870.72,2896.56,2823.04,884340171,1.46,144.25,1551.52,2885.32
06-08-2005,3477.56,3505.47,3400.64,254666303,1.14,147.87,2097.22,3442.62
08-08-2005,2709.95,2740.92,2666.02,728990847,1.28,82.18,1183.54,2698.26
11-08-2005,4402.3,4440.16,4323.75,424789909,0.96,87.41,1819.39,4372.82
12-08-2005,1806.11,1855.37,1778.9,928162010,1.18,114.61,1514.31,1804.82
16-08-2005,3224.76,3245.25,3194.18,701599842,1.13,142.3,2112.07,3223.14
21-08-2005,4559.65,4625.95,4518.61,571396034,1.03,66.45,1786.07,4599.61
22-08-2005,4967.85,5024.77,4954.06,113422172,1.19,58.29,2225.72,5008.93
24-08-2005,1841.27,1845.18,1826.86,550824831,1.01,92.55,2205.28,1843.29
25-08-2005,4061.45,4108.32,4051.73,727300827,1.28,132.52,857.66,4079.16
26-08-2005,2012.11,2051.46,1963.41,965846038,1.2,121.57,1525.59,2039.96
27-08-2005,4462.25,4469.66,4407.27,357510115,1.1,59.33,1441.91,4425.35
31-08-2005,3695.36,3720.54,3615.11,67280869,1.19,22.42,2089.96,3660.84
03-09-2005,3705.93,3746.3,3656.05,941352363,1.42,78.99,1470.67,3699.17
04-09-2005,3376.97,3421.07,3367.92,37447149,1.02,36.37,2412.54,3389.29
07-09-2005,3301.44,3315.15,3238.43,738023260,1.37,136.03,2374.67,3269.7
10-09-2005,4074.33,4082.84,4032.36,733635740,0.88,37.86,1799.26,4080
12-09-2005,3769.42,3798.84,3739.33,621149705,1.17,36.74,1481.98,3752.98
17-09-2005,1239.77,1270.39,1191.4,758335252,1.25,35.45,1913.55,1191.61
28-09-2005,1054.73,1117.75,1046.52,101199792,1.33,32.76,1089.51,1088.29
30-09-2005,2034.37,2046.43,1991.54,603787233,1.36,103.51,1633.69,2008.03
01-10-2005,1111.41,1158.79,1088.33,863908265,1.29,34.11,1103.06,1150.38
02-10-2005,3525.5,3574.1,3466.18,938595426,1.18,51.94,1286.48,3476.42
04-10-2005,3192.58,3287.55,3182.54,464915110,1.47,25.86,1792.83,3238.48
05-10-2005,1698.59,1726.82,1659.88,910634720,1.41,113.38,1482.74,1709.93
12-10-2005,3255.68,3290.85,3244.53,483094834,1.15,138.35,957,3277.71
23-10-2005,3101.88,3114.35,3061.96,298721802,0.85,143.56,1125.59,3064.13
26-10-2005,4168.76,4172.41,4154.51,492621564,0.92,23.48,1278.03,4159.76
27-10-2005,3705.44,3746.5,3702.52,995754923,0.91,82.75,1751.81,3703.64
28-10-2005,3718.53,3743.18,3667,515898158,1.05,72.79,1502.9,3675.58
01-11-2005,2087.82,2137.5,2032.68,350652271,1.29,32.16,1889.18,2066.09
06-11-2005,1064.97,1089.54,1015.22,152119883,1.16,137.94,2267.3,1088.82
14-11-2005,4326.07,4345.95,4297.97,416062184,1.04,114.12,1729.22,4302.55
15-11-2005,4673.59,4748.2,4667.98,433958286,1,111.77,2402.34,4716.95
17-11-2005,1413.74,1478.32,1366.52,878799408,1.29,26.36,2272.87,1439.12
20-11-2005,4119.28,4150.63,4081.18,17874955,1.24,125.31,1344.56,4131.06
21-11-2005,1472.87,1544.3,1459.73,776477166,1.17,58.62,1894.15,1499.87
23-11-2005,3848.55,3908.8,3848.46,675258704,1.5,128.01,1121.8,3894.79
30-11-2005,3262.98,3312.78,3255.97,823566558,1.42,134.92,1013.12,3271.08
02-12-2005,1340.23,1371.04,1301.66,126370503,0.95,113.94,1447.23,1331.32
04-12-2005,2519.92,2559.43,2514.97,345745807,0.93,31.61,906.55,2539.85
06-12-2005,2554.91,2561.19,2507.55,209687121,1.26,136.1,942.4,2510.11
07-12-2005,1961.2,2018.09,1941.42,968915362,1.46,65.77,1596.16,1997.17
09-12-2005,2259.67,2284.58,2207.83,5397458,1.36,70.74,932.05,2235.91
14-12-2005,3127.49,3164.58,3085.41,352945265,0.87,21.27,2171.97,3152.46
17-12-2005,3330.86,3418.16,3292.99,429805362,1.08,125.94,1379.38,3380.03
19-12-2005,2307.76,2339.09,2263.94,467241699,1.49,43.48,1978.04,2278.81
23-12-2005,3728.77,3776.17,3723.19,237171903,0.93,55.77,1647.7,3756.78
25-12-2005,1532.84,1564.84,1480.44,758500537,1.29,50.09,2421.3,1505.65
26-12-2005,3529.59,3596.55,3487.13,921488694,1.28,22.2,2219.08,3571.81
27-12-2005,1513.3,1565.02,1501.52,365621497,1,21.32,920.74,1522.56
28-12-2005,3313.97,3357.71,3255.2,330664719,1.42,58.61,2383.16,3301.96
30-12-2005,3802.45,3819.77,3754.5,170834799,0.99,100.77,871.71,3812.96
04-01-2006,3476.69,3519.31,3448.76,257044255,0.8,148.9,1279.23,3507.96
09-01-2006,3468.42,3524.86,3459.12,107187026,1.48,78.85,1888.16,3513.15
13-01-2006,4853.92,4869.99,4773.93,46385448,0.84,118.87,1128.04,4815.18
14-01-2006,1432.18,1483.56,1406.95,904157712,0.99,103.37,1628.71,1475.58
15-01-2006,2913.96,2924.22,2836.5,746247809,1.32,107.83,1774.94,2882.32
16-01-2006,3342.25,3381.68,3286.13,377909391,1.23,131.62,1347.3,3317.53
17-01-2006,3165.5,3173.86,3114.14,746993638,1.28,109.77,1999.01,3156.16
30-01-2006,2231.08,2309.64,2209.73,312934218,1.41,135.45,959.84,2275.69
01-02-2006,4591.74,4639.99,4515.7,151277944,1.05,136.86,2014.46,4554.9
02-02-2006,4239.7,4252.72,4175.07,553789592,1.45,96.14,1499.56,4219.93
03-02-2006,3332.52,3372.95,3310.58,609083842,1.47,49.43,2348.53,3372.03
05-02-2006,2459.29,2530.56,2438.7,271287575,1.41,139.87,1090.63,2495.22
06-02-2006,3563.86,3603.38,3489.06,700472767,1.27,105.7,1678.75,3524.86
07-02-2006,2864.73,2919.16,2859.26,439415148,0.99,46.17,2383.81,2909.47
15-02-2006,1227.53,1277.5,1215.68,74416113,1.26,64.7,1784.28,1238.85
16-02-2006,4066.11,4119.62,4031.43,791602086,0.99,33.89,2134.26,4102.99
22-02-2006,2816.73,2835.83,2781.63,496321448,0.86,47.72,2116.72,2819.92
05-03-2006,1647.69,1694.45,1619.19,180337075,0.9,72.94,806.54,1629.76
06-03-2006,3632.41,3638.23,3619.12,464001482,0.81,90.13,2399.97,3637.64
09-03-2006,2418.91,2484.62,2417.08,143062233,1.29,39.76,1884.14,2440.95
10-03-2006,2602.82,2607.02,2587.95,114883700,1.09,35.6,1943.93,2597.27
11-03-2006,1460.58,1494.66,1398.87,241743565,0.89,88.72,2041.56,1436.21
12-03-2006,4533.09,4567.1,4485.86,170335615,1.13,29.27,827.94,4502.13
13-03-2006,2659.3,2709.75,2625.89,900285967,1.12,58.02,2470.73,2676.3
17-03-2006,3592.93,3616.48,3561.01,827675422,0.85,85.93,1103.32,3562.08
18-03-2006,1245.79,1265.69,1197.48,62245705,0.83,23.63,1220.35,1234.41
19-03-2006,4254.89,4270.4,4205.44,673326937,0.84,35.78,945.83,4253.38
22-03-2006,4818.26,4886.27,4801.92,598140011,0.92,68.95,2057.51,4864.65
25-03-2006,3407.23,3453.34,3364.64,952425544,0.91,100.64,983.83,3400.25
31-03-2006,1650.64,1678.15,1612.06,845334419,1.13,148.31,2402.57,1657.67
01-04-2006,3937.46,3956.2,3889.59,634966455,1.12,129.97,2344.7,3892.82
02-04-2006,1835.32,1881.6,1768.31,665166989,0.89,27.18,995.59,1799.37
19-04-2006,3382.72,3438.94,3378.08,910439458,1.42,47.18,1368.47,3396.66
21-04-2006,4758.27,4799.3,4740.63,984912780,1.05,29.08,2221.46,4751.3
22-04-2006,4020.53,4026.93,3971.18,334538536,1.21,128.07,1967.8,3998
25-04-2006,1320.75,1398.33,1289.06,75500164,1.17,28.36,1087.09,1362.12
30-04-2006,2108.28,2203.79,2092.99,961486778,1.43,139.51,2006.67,2154.97
01-05-2006,4763.52,4780.24,4740.54,697076064,1.07,118.66,2317.33,4766.18
02-05-2006,1497.38,1545.05,1468.38,879824910,1.18,64.34,1974.34,1477.71
03-05-2006,4500.53,4503.21,4454.97,914136142,1.43,40.06,1508.26,4486.79
06-05-2006,3888.26,3912.15,3832.31,813769342,1.34,145.09,1842.58,3842.19
08-05-2006,2621.69,2656.97,2571.58,250171443,1.32,93.27,1202.55,2615.96
12-05-2006,3689,3736.78,3658.67,212428816,1.02,110.75,2195.27,3687.24
19-05-2006,4257.55,4308.52,4209.5,355860340,1.02,21.44,1367.87,4264.9
21-05-2006,1528.72,1593.88,1513.16,288457868,0.96,63.2,2195.84,1564.88
22-05-2006,2759.42,2808.09,2733.93,34699552,1.03,105.32,1206.65,2803.64
24-05-2006,2523.81,2532.13,2488.21,607447796,0.9,96.91,2379.79,2509.04
27-05-2006,4609.61,4630.46,4570.96,734299041,0.85,52.72,2206.95,4586.46
01-06-2006,4281.95,4308.44,4266.53,216427976,1.18,120.5,1107.75,4301.34
02-06-2006,4305.36,4340.6,4270.32,282901337,1.34,70.37,1178.93,4304.29
04-06-2006,2412.41,2434.14,2367.38,552355235,1.35,48.9,2495.75,2389.19
06-06-2006,3218.75,3265.12,3205.95,354316413,1.33,55.54,1253.76,3215.83
09-06-2006,4137.62,4166.54,4075.49,380049604,1.2,27.88,1219.48,4120.55
10-06-2006,3394.25,3428.71,3335.43,928728009,0.81,66.67,2032.9,3348.47
13-06-2006,3164.46,3186.24,3130.28,290550104,0.84,78.84,2076.04,3131.3
15-06-2006,1881.95,1969.75,1880.17,668920536,1.02,119.86,1008.42,1930.44
18-06-2006,1739.35,1808.58,1724.48,501740949,0.93,109.86,2131.95,1776.89
21-06-2006,4054.77,4106.71,4036.96,685502373,0.86,131.1,1188.51,4058.83
23-06-2006,1907.09,1907.2,1889.19,627744851,1.43,77,803.75,1905.1
25-06-2006,1320.42,1361.35,1311.53,878191381,0.96,41.05,1091.27,1319.74
28-06-2006,1737.84,1808.25,1714.02,10925557,0.84,124.17,2220.89,1777.93
03-07-2006,3046.83,3096.71,2986.03,663381617,1.19,147.15,1275.64,3008.93
08-07-2006,3022.79,3061.63,2943.51,919125065,0.9,63.39,1377.2,2981.71
14-07-2006,3231.49,3241.2,3198.6,732434090,1.12,58.77,1135.02,3214.03
16-07-2006,1194.78,1291.15,1185.52,856298442,1.36,59.03,2348.72,1242.37
20-07-2006,3165.08,3192.16,3101.03,843440320,1.43,93.87,1659.13,3117.55
22-07-2006,1182.34,1213.27,1137.89,605209981,1.31,45.07,1029.33,1186
26-07-2006,1308.75,1380.64,1284.7,406302711,0.95,88.3,1877.92,1348.25
28-07-2006,1507.78,1532.37,1482.41,637595476,1.16,93.77,1275.35,1482.77
29-07-2006,1493.14,1501.73,1400.3,357472597,1.05,28.83,1071.24,1449.7
05-08-2006,1570.23,1646.83,1526.09,153908531,1.41,119.2,1162.11,1617.3
07-08-2006,3218.93,3236.34,3176.91,646860124,1.02,133.43,1947.86,3228.64
08-08-2006,1307.03,1346.72,1293.37,280911603,1.19,52.1,1165.24,1299.45
09-08-2006,1016.75,1056.01,1000.67,939658477,1.16,23.15,2490.66,1011.42
12-08-2006,2643.16,2690.06,2595.82,426159278,1.21,94.26,1519.1,2641.69
19-08-2006,4826.88,4868.3,4815.87,567324160,0.89,32.48,1871.59,4845.89
24-08-2006,1947.7,1963.88,1890.44,204961251,0.92,115.14,1445.42,1907.76
28-08-2006,3710.18,3717.82,3683.4,792729337,1.37,127.36,1736,3688.8
29-08-2006,3187.72,3191.87,3136.98,432054895,0.94,34.33,1960.16,3183.73
31-08-2006,4689.74,4713.34,4634.75,291655617,0.97,98.56,804.22,4660.78
02-09-2006,2122.4,2180.23,2074.4,183764768,1.21,53.25,2200.01,2162.07
04-09-2006,4129.7,4154.74,4063.52,825479138,1.11,104.91,2447.36,4102.45
05-09-2006,4970.06,4992.86,4905.25,697990830,1.41,131.25,1070.59,4948.02
06-09-2006,1962.68,1979.9,1903.64,161612157,1.2,136.71,1401.58,1925.42
08-09-2006,4322.49,4360.47,4242.61,125405609,1,140.61,2387.8,4280
09-09-2006,1898.63,1941.28,1816.41,736653328,1.18,132.65,824.7,1862.05
12-09-2006,4912.88,4969.47,4868.46,93940210,1.2,79.58,2140.38,4933.67
14-09-2006,4196.63,4230.48,4143.42,563407757,1.19,127.1,2082.31,4172.23
15-09-2006,2336.77,2375.65,2295.2,32377303,1,77.22,1463.4,2351.85
16-09-2006,3923.48,3973.17,3875.69,677605002,0.98,86.5,1490.62,3885.11
24-09-2006,1559.95,1578.47,1544.81,580274450,1.16,36.33,2414.97,1550.42
25-09-2006,2663.27,2664.28,2586.26,976094289,1.36,89.84,1364.65,2635.79
26-09-2006,3194.35,3220.55,3156.04,993303344,1.41,62.8,2244.59,3170.06
01-10-2006,3701.82,3709.91,3656.27,725252664,0.87,49.06,1615.33,3689.16
05-10-2006,4797.09,4848.43,4785.34,369106174,1.06,144.95,1109.72,4808.51
09-10-2006,1833.26,1910.64,1820.73,820119028,1.36,41.72,1426.46,1870.34
11-10-2006,3676.88,3712.58,3643.15,700481430,1.07,102.47,1065.24,3666.71
12-10-2006,2935.21,2956.98,2933.59,856528264,1.32,126.47,974.05,2934.93
13-10-2006,2673.56,2705.03,2668.96,929204805,1.18,106.01,1806.98,2690.3
17-10-2006,1645.83,1658.41,1595.4,67706568,1.22,56.53,2381.27,1630.13
18-10-2006,2886.96,2921.69,2850.37,143307138,0.83,91.9,1365.66,2850.78
20-10-2006,3281.15,3293.39,3276.09,79934488,1.48,106.87,2413.29,3280.78
23-10-2006,1100.8,1101.3,1066.33,453275548,1.27,86.19,972.87,1092.89
25-10-2006,4120.85,4162.16,4108.98,379858678,1.04,63.48,2057.54,4130.78
28-10-2006,3779.81,3780.26,3761.17,618029669,1.07,144.85,2399.81,3769.54
04-11-2006,2045.33,2060.23,1998.08,360958263,1.49,64.04,1171.9,2016.62
06-11-2006,3397.2,3403.35,3385.9,623944358,1.38,76.05,2025.84,3401.49
07-11-2006,3054.83,3089.44,3022.01,718575878,0.92,117.18,2321.97,3088.12
09-11-2006,1025.86,1041.76,986.04,963822185,1.25,149.36,1768.52,988.84
11-11-2006,2142.5,2208.73,2096,551857874,0.88,23.1,1301.34,2187.14
14-11-2006,3339.31,3385.63,3322.68,53129984,1.37,51.38,926.69,3349.98
16-11-2006,1697.64,1737.41,1672.89,729689141,1.24,101.81,1499.13,1731.33
19-11-2006,3502.73,3524.85,3427.49,723378155,0.85,21.33,956.07,3464.02
20-11-2006,3202.13,3245.43,3199.81,736238807,0.93,133.68,1611.17,3213.08
21-11-2006,2629.46,2686.23,2601.98,565083039,0.99,92.9,2174.54,2661.52
24-11-2006,1785.18,1850.87,1772.31,138321509,0.85,149.45,1206.91,1813.88
25-11-2006,1090.26,1125.56,1032.41,420562592,1.4,55.9,1469.18,1045.9
26-11-2006,4446.66,4473.37,4413.03,920486571,1.5,56,1107.23,4433.6
27-11-2006,3308.47,3343,3296.3,761261238,1.12,110.86,1665.17,3309.05
28-11-2006,4562.63,4612.34,4556.17,539089622,1.16,25.62,1793.09,4568.66
01-12-2006,2718.69,2768.17,2675.62,297762221,1.06,129.35,905.11,2729.96
06-12-2006,2075.19,2112.61,1987.89,747210083,1.09,137.18,1121.83,2033.65
08-12-2006,1987.43,2035.09,1940.21,310003006,1.4,41.88,1676.17,1959.89
10-12-2006,3220.54,3284.42,3197.51,400904199,1.11,54.95,2330.3,3254.58
11-12-2006,3351.97,3393.49,3339.38,326830914,0.84,145.23,927.42,3372.1
12-12-2006,2706,2751.43,2687.26,46558541,1.24,135.2,2367.93,2734.9
13-12-2006,3461.68,3466.2,3406.78,64129040,1.14,65.02,847.23,3446.78
15-12-2006,1351.15,1375.1,1325.31,970616878,0.87,57.09,1743.65,1340.52
18-12-2006,1855.98,1901.97,1853.35,18288429,1.47,64.02,1701.88,1865.07
21-12-2006,4247.46,4267.93,4168.2,634755239,1.14,102.62,1166.1,4202.13
23-12-2006,3597.52,3640.79,3545.13,961156386,1.27,141.01,1463.15,3572.78
24-12-2006,3675.51,3723.3,3632.54,535296017,1.16,113.38,945.07,3708.47
25-12-2006,4194.62,4222.97,4189.54,175402279,0.96,56.23,1291.32,4215.01
30-12-2006,2834.07,2884.63,2793.92,620122575,1.13,130.58,2377.05,2847.13
03-01-2007,4726.96,4745.31,4722.42,745819090,0.97,82.31,1440.55,4729.82
05-01-2007,3880.63,3910.07,3877.44,756877873,1.03,109.94,1058.17,3904.18
11-01-2007,2024.77,2109.27,2013.43,891321824,1.06,84.78,1621.92,2066.76
12-01-2007,1882.6,1904.3,1815.33,311068507,1.28,129.33,2022.48,1838.12
15-01-2007,3000.23,3031.73,2979.69,916533566,1.16,79.7,1715.74,2986.95
18-01-2007,4032.16,4074.5,4005.82,824866058,1.1,108.94,1540.33,4056.79
19-01-2007,4040.02,4085.32,3963.97,656079301,1.22,130.62,2009.51,3990.86
26-01-2007,2213.54,2263.08,2196.31,931259303,1.1,59.99,2130.09,2202.97
27-01-2007,4127.56,4151.17,4067.48,531516143,1.01,62.23,1243.62,4077.69
29-01-2007,3766.62,3796.57,3751.85,567461844,1.46,131.07,2434.39,3770.08
30-01-2007,4862.56,4896.16,4861.49,643517024,1.05,128.9,1966.11,4880.07
01-02-2007,1522.87,1590.72,1514.38,327304439,1.02,80.69,1906.7,1545.94
12-02-2007,2621.3,2675.59,2618.69,225288863,1.29,39,1111.91,2671.04
13-02-2007,2076.65,2100.35,2007.8,153434536,1.32,56.17,2057.65,2054.76
22-02-2007,4825.17,4862.59,4797.4,841847689,1.22,83.41,2407.52,4808.82
24-02-2007,2356.96,2383.79,2310.41,783895862,1.16,77.52,2472.47,2338.28
28-02-2007,1994.16,2013.64,1944.23,452960974,1.12,133.43,1350.98,1968.69
05-03-2007,4434.79,4443.43,4426.91,258706010,1.18,129.42,828.23,4428.59
06-03-2007,4428.92,4482.9,4404.77,457260853,0.83,43.57,2444.97,4465.02
10-03-2007,4780.1,4829.55,4757.4,572026452,1.46,78.81,1617.76,4781.44
12-03-2007,2326.47,2407.35,2301.61,247413981,0.82,42.53,1677.75,2365.44
14-03-2007,3582.9,3633.44,3538.26,825601607,0.96,125.04,2252.11,3623.02
15-03-2007,3042.28,3093.58,2992.36,445297687,1.21,128.82,1351.02,3067.35
18-03-2007,4209.58,4220.57,4184.96,651610742,1.25,31.86,1800.61,4192.14
19-03-2007,4445.67,4512.45,4412.62,187917774,1.27,145.69,889.03,4494.03
22-03-2007,2315.29,2337.49,2260.36,560913513,1.48,100.84,2163.92,2297.95
24-03-2007,4007.3,4044.84,3932.29,429951663,0.84,146.58,2419.01,3962.93
30-03-2007,3820.16,3830.88,3754.43,840241245,1.43,65.45,1705.09,3786.63
31-03-2007,3967.91,3990.53,3937.27,900326412,1.31,31.37,1694.24,3986.82
04-04-2007,1675.43,1718.58,1641.34,281021217,1.07,101.67,977.18,1684.61
15-04-2007,3044.45,3067.98,2959.65,177076080,1.03,47.63,2039.92,2998.29
16-04-2007,3417.25,3431.8,3404.77,985029250,0.87,91.01,1500.98,3429.4
17-04-2007,2843.59,2915.48,2813.14,560624421,1.19,83.54,1412.54,2871.38
18-04-2007,4314.84,4337.1,4280.45,411180566,1.08,86.62,817.76,4314.88
23-04-2007,3684.05,3756.38,3639.25,610109575,1.46,85.91,1462.93,3721.15
24-04-2007,3788.1,3793.06,3729.25,260269328,1.41,91.25,1589.02,3772.33
26-04-2007,4517.12,4534.01,4515.82,205437647,0.91,139.53,2471.14,4523.26
04-05-2007,3525.5,3539.76,3465.08,483347315,1.02,26.19,1906.59,3480.84
07-05-2007,4768.23,4792.09,4726.05,346441005,1.2,52.14,1496.4,4779.72
08-05-2007,2193.09,2229.67,2165.72,62295595,1.14,119.76,1233.19,2191.33
09-05-2007,4102.02,4123.99,4021.92,831911141,1.4,73.82,2439.33,4061.39
13-05-2007,3177.03,3216.96,3143.1,149149886,1.19,49.34,2194.91,3157.65
15-05-2007,2476.54,2512.81,2409.26,326386081,1.08,63.09,2485.61,2433.78
06-06-2007,2026.59,2073.6,1961.03,729519676,0.97,108.89,1266.68,2000.3
08-06-2007,3051.5,3100.13,2999.27,872219987,1.4,145.87,1484.38,3008.74
16-06-2007,1816.97,1842.42,1756.42,170255864,0.89,101.93,1351.17,1767.5
19-06-2007,1000.91,1020.64,917.17,595960527,1.22,140.62,1040.56,964.88
20-06-2007,4660.01,4678.63,4570.1,949931289,1.1,138.71,1441.2,4619.62
21-06-2007,4375.52,4398.31,4327.6,637767926,0.9,51.52,1677.21,4367.98
22-06-2007,3969.17,4021.39,3959.76,500061598,1.17,41.83,1713.64,4012.54
28-06-2007,2722.14,2740.35,2644.7,236104947,1.29,115.79,2142.53,2680.9
30-06-2007,3049.57,3129.84,3004.09,112879433,1.17,138.19,1359.47,3091.03
03-07-2007,3485.32,3495.08,3399.63,656942187,1.18,84.22,881.75,3443.19
04-07-2007,3874.87,3893.52,3861.26,299533726,0.81,39.07,923.35,3885.25
08-07-2007,1930.91,1953.49,1922.5,355154721,1.2,94.74,2478.09,1927.25
10-07-2007,1759.5,1803.36,1676.99,401499653,1.37,135.25,1211.08,1726.63
12-07-2007,2567.24,2589.79,2511,591471643,0.88,41.08,1353.91,2547.5
13-07-2007,4209.61,4226.62,4198.96,875341690,0.91,23.82,1270.65,4225.85
16-07-2007,3702.35,3730.24,3652.73,456410225,1.37,39.76,1193.6,3665.17
17-07-2007,3035.58,3068.15,3016.39,384459303,0.85,76.59,1841.33,3028.12
21-07-2007,4112.19,4187.89,4071.17,406728886,1.01,72.87,1000.97,4150.36
23-07-2007,4955.36,4990.85,4901.77,820266741,0.95,109.55,2441.24,4925
26-07-2007,4018.28,4053.53,4004.64,280490665,0.88,134.28,1453.89,4007.43
31-07-2007,1389.47,1407.15,1347.65,165146929,1.06,143.59,2145.54,1377.27
01-08-2007,3825.49,3849.61,3747.84,401579390,1.35,46.74,2415.78,3785.78
03-08-2007,1027.93,1051.94,999.52,804685106,1.33,87.34,1290.16,1028.32
04-08-2007,2613.92,2669.72,2573.21,174202562,1.31,36.4,2125.17,2634.8
05-08-2007,1939.02,1960.7,1875.5,884060492,0.93,97.16,2235.77,1913.91
08-08-2007,4310.09,4310.38,4215.78,227385880,1.33,135.53,2041.56,4262.66
12-08-2007,1934.27,1946.21,1899.41,602459830,1.33,127.03,1956.88,1936.09
13-08-2007,1272.75,1320.7,1218.52,902058412,1.42,69.32,917.49,1268.3
19-08-2007,4503.62,4514.62,4452.35,520459500,1.47,117.55,1369.45,4487.81
22-08-2007,2320.62,2345.98,2285.95,457314686,1.25,84.67,2155.44,2328.76
24-08-2007,4813.61,4830.56,4772.9,905523600,1.04,29.88,1571.65,4785.54
25-08-2007,1240.91,1281.88,1202.36,810211960,0.9,41.25,823.8,1233.8
26-08-2007,2190.6,2212.36,2152.49,314844661,1.36,100.46,1175.46,2205.83
30-08-2007,4132.65,4150.09,4070.03,585333917,1.03,139.45,1482.45,4099.1
31-08-2007,1489.99,1528.17,1417.92,700233929,0.89,80.57,2120.8,1463.35
03-09-2007,1282.14,1324,1243.87,635415335,1.31,58.28,884.23,1244.45
06-09-2007,4285,4334.32,4206.62,555649136,0.92,94.16,2323.24,4246.53
07-09-2007,3178.52,3182.95,3132.86,252134998,0.88,82.5,2053.48,3139.22
12-09-2007,1675.24,1707.46,1607.26,181449207,0.82,76.59,1877.94,1647.55
18-09-2007,4636.81,4681.3,4599.21,965050184,0.81,76.64,1504.31,4612.16
25-09-2007,2573.28,2602.47,2553.42,166640905,1.44,66.13,1650.23,2596.04
29-09-2007,1670.27,1716.51,1650.15,173016508,0.82,21.69,998.62,1653.86
05-10-2007,1623.09,1673.52,1573.44,264485748,0.83,124.77,2179.3,1660.75
06-10-2007,3188.18,3213.51,3134.23,422313361,1.23,106.27,1314.89,3154.01
12-10-2007,4822.6,4872.16,4816.19,205292507,0.82,90.18,982.6,4829.43
13-10-2007,4814.53,4838.1,4782.87,611951281,1.35,55.57,1477.28,4808.48
16-10-2007,1716.38,1754.89,1695.07,118837074,1.33,137.86,1210.94,1748.45
18-10-2007,4791.12,4853.71,4756.17,448520325,1.01,137.97,816.25,4824.34
22-10-2007,4925.03,4950.08,4898.36,167534063,1.02,121.19,1296.75,4905.35
26-10-2007,3510.68,3524.71,3495.96,883333386,0.99,32.29,1682.64,3510.25
27-10-2007,1768.06,1795.9,1716.7,59031233,0.83,67.26,1354.24,1760.17
28-10-2007,1584.08,1619.52,1571.52,894697471,0.94,121.36,1842.18,1575.13
29-10-2007,4752.26,4758.98,4681.6,655157781,1.09,29.92,2314.32,4725.39
30-10-2007,4670.59,4711.29,4608.02,652472879,1.07,101.34,1741.39,4634.23
01-11-2007,3501.73,3549.21,3441.78,201358276,0.86,60.28,1435.06,3457.26
02-11-2007,4233.07,4250.05,4188.02,662183039,1.02,118.23,940.47,4202.88
04-11-2007,2339.16,2377.22,2294.92,150542853,1.16,84.69,2371.89,2351.89
11-11-2007,2528.49,2565.7,2489.37,209449581,1.11,21.53,2310.77,2562.41
14-11-2007,1949.93,2003.18,1905.82,734261468,1.41,25.24,1432.24,1989.14
17-11-2007,3403.78,3441.65,3377.98,883396181,1.41,120.44,1742.14,3419.16
18-11-2007,3784.32,3811.51,3755.73,19043582,1.43,46.62,1240.92,3773.03
20-11-2007,4295.99,4342.6,4202.92,253180711,0.88,82.28,1545.91,4250.47
22-11-2007,2876.16,2880.2,2848.57,620938998,1.21,23.07,2238.55,2871.88
24-11-2007,1720.63,1789.42,1715.46,72607776,1.39,57.24,2284.1,1759.41
27-11-2007,2371.72,2374.49,2309.22,270387168,1.19,146.7,1531.83,2342.72
28-11-2007,3735.48,3749.71,3724.22,762625801,1.36,36,2019.27,3724.89
29-11-2007,1101.39,1142.35,1072.82,425629312,1.06,65.05,1148.32,1083.05
06-12-2007,1322.32,1364.84,1287.49,731148022,1.39,144.22,2364.26,1357.2
09-12-2007,1359.04,1365.43,1286.65,872194572,1.44,24.78,2491.18,1334.81
11-12-2007,1024.19,1057.61,1011.45,237951227,1.17,68.57,2092.72,1031.89
12-12-2007,2935.44,2964.88,2866.87,943382981,1.03,97.9,2420.59,2907.55
13-12-2007,1492.99,1532.48,1438.97,207358516,0.84,133.93,1293.91,1469.9
14-12-2007,2230.72,2293.84,2188.81,802105158,1.26,21,1019.27,2261.03
20-12-2007,3186.71,3198.21,3174.39,65348931,0.92,129.5,1641.67,3185.93
22-12-2007,3215.97,3248.54,3200.3,309496792,0.97,127.56,1553.77,3207.26
24-12-2007,1781.83,1826.34,1692.35,663095194,1.04,78.1,2384.07,1736.76
25-12-2007,1664.92,1707.87,1591.47,873623164,0.91,68.25,1186.44,1615.15
26-12-2007,4665.96,4669.8,4603.11,533177567,1.1,42.58,1158.65,4640.44
31-12-2007,4808.25,4858.87,4799.59,833087042,1.26,74.8,1251.55,4823.03
05-01-2008,2028.25,2038.99,1995.07,325601280,1.35,21.18,1751.08,2004.32
13-01-2008,2779.41,2818.17,2714.11,10704081,1.15,59.12,1102.11,2763.13
17-01-2008,3275.82,3294.26,3237.65,638770400,0.9,109.75,2314.91,3284.35
21-01-2008,2734.78,2781.96,2720.84,474680204,1.03,58.87,1624.39,2748.88
23-01-2008,2453.02,2469.02,2408.87,167864291,1.43,111.84,1177.32,2419.41
27-01-2008,3966.51,4035.86,3945.14,630486391,1.27,116.09,1559.62,3989.4
31-01-2008,1205.05,1243.63,1123.71,137759254,1.48,64.74,2409.34,1161.38
01-02-2008,2607.51,2628.98,2558.97,468301419,1.36,84.88,1781.6,2617.81
06-02-2008,3538.98,3607.26,3518.88,895894840,1.3,79.96,2265.4,3572.14
07-02-2008,1745.68,1773.53,1678.38,16489518,0.87,83.44,1691.49,1710.71
08-02-2008,3997.48,4040.13,3933.8,689854508,1.18,90.46,2289.52,3951.34
10-02-2008,1816.26,1842.44,1768.88,491891905,1.23,135.21,1988.86,1797.75
17-02-2008,4828.54,4861.41,4782.46,300190401,0.95,147.12,977.85,4820.57
19-02-2008,2900.4,2968.21,2890.19,866551873,0.81,78.82,1671.14,2948.67
20-02-2008,4591.82,4652.85,4564.56,912975673,1.43,119.03,1664.48,4605.52
27-02-2008,1003.77,1049.84,1003.31,220711628,1.44,59.15,2295.47,1026.94
29-02-2008,4909.14,4943.77,4873.51,63668031,1.21,101.96,950.99,4879.17
01-03-2008,1969.41,1999.02,1898.37,154879409,1.19,94.66,1164.24,1940.51
02-03-2008,3653.24,3716,3640.31,903170423,0.81,118.12,2041.35,3672.07
05-03-2008,1612.58,1651.47,1593.63,561585137,1.38,46.98,1872.73,1640.78
09-03-2008,4078.99,4146.77,4073.85,975733242,1.31,59.19,924.51,4112.85
11-03-2008,3294.25,3324.98,3237.43,274066900,1.45,46.93,1509,3267.09
12-03-2008,2366.56,2409.02,2334.49,935042038,0.99,63.38,814.23,2343.96
17-03-2008,2311.37,2346.3,2282,523425925,1.49,123.25,2211.4,2306.9
18-03-2008,4262.98,4316.68,4243.04,990814609,0.85,144.06,1225.09,4303.82
